idx_in_subset,AP,query_basename,query_path
26,0.535089,0009_c012_00068010_0.jpg,/content/drive/MyDrive/vehicle_reid_itsc2023-main/dataset/VeRi/image_query/0009_c012_00068010_0.jpg
27,0.679588,0009_c013_00067835_0.jpg,/content/drive/MyDrive/vehicle_reid_itsc2023-main/dataset/VeRi/image_query/0009_c013_00067835_0.jpg
28,0.616705,0009_c014_00070060_0.jpg,/content/drive/MyDrive/vehicle_reid_itsc2023-main/dataset/VeRi/image_query/0009_c014_00070060_0.jpg
29,0.714897,0009_c015_00069860_0.jpg,/content/drive/MyDrive/vehicle_reid_itsc2023-main/dataset/VeRi/image_query/0009_c015_00069860_0.jpg
31,0.628049,0009_c017_00068800_0.jpg,/content/drive/MyDrive/vehicle_reid_itsc2023-main/dataset/VeRi/image_query/0009_c017_00068800_0.jpg
32,0.53515,0009_c019_00069105_0.jpg,/content/drive/MyDrive/vehicle_reid_itsc2023-main/dataset/VeRi/image_query/0009_c019_00069105_0.jpg
36,0.796073,0014_c014_00039385_0.jpg,/content/drive/MyDrive/vehicle_reid_itsc2023-main/dataset/VeRi/image_query/0014_c014_00039385_0.jpg
43,0.694905,0027_c014_00011405_0.jpg,/content/drive/MyDrive/vehicle_reid_itsc2023-main/dataset/VeRi/image_query/0027_c014_00011405_0.jpg
45,0.799025,0027_c016_00011185_0.jpg,/content/drive/MyDrive/vehicle_reid_itsc2023-main/dataset/VeRi/image_query/0027_c016_00011185_0.jpg
46,0.765006,0027_c017_00012205_0.jpg,/content/drive/MyDrive/vehicle_reid_itsc2023-main/dataset/VeRi/image_query/0027_c017_00012205_0.jpg
48,0.69256,0030_c005_00051590_1.jpg,/content/drive/MyDrive/vehicle_reid_itsc2023-main/dataset/VeRi/image_query/0030_c005_00051590_1.jpg
49,0.199938,0030_c007_00054885_1.jpg,/content/drive/MyDrive/vehicle_reid_itsc2023-main/dataset/VeRi/image_query/0030_c007_00054885_1.jpg
50,0.302098,0030_c008_00049770_0.jpg,/content/drive/MyDrive/vehicle_reid_itsc2023-main/dataset/VeRi/image_query/0030_c008_00049770_0.jpg
51,0.392806,0030_c009_00049855_0.jpg,/content/drive/MyDrive/vehicle_reid_itsc2023-main/dataset/VeRi/image_query/0030_c009_00049855_0.jpg
52,0.770563,0035_c002_00000440_2.jpg,/content/drive/MyDrive/vehicle_reid_itsc2023-main/dataset/VeRi/image_query/0035_c002_00000440_2.jpg
53,0.759393,0035_c003_00001875_0.jpg,/content/drive/MyDrive/vehicle_reid_itsc2023-main/dataset/VeRi/image_query/0035_c003_00001875_0.jpg
54,0.66388,0035_c004_00001795_0.jpg,/content/drive/MyDrive/vehicle_reid_itsc2023-main/dataset/VeRi/image_query/0035_c004_00001795_0.jpg
55,0.778683,0035_c006_00001150_0.jpg,/content/drive/MyDrive/vehicle_reid_itsc2023-main/dataset/VeRi/image_query/0035_c006_00001150_0.jpg
56,0.72151,0035_c010_00001265_0.jpg,/content/drive/MyDrive/vehicle_reid_itsc2023-main/dataset/VeRi/image_query/0035_c010_00001265_0.jpg
57,0.605317,0035_c011_00001085_0.jpg,/content/drive/MyDrive/vehicle_reid_itsc2023-main/dataset/VeRi/image_query/0035_c011_00001085_0.jpg
58,0.788828,0038_c001_00001200_0.jpg,/content/drive/MyDrive/vehicle_reid_itsc2023-main/dataset/VeRi/image_query/0038_c001_00001200_0.jpg
59,0.508942,0038_c003_00008510_1.jpg,/content/drive/MyDrive/vehicle_reid_itsc2023-main/dataset/VeRi/image_query/0038_c003_00008510_1.jpg
60,0.70015,0038_c004_00008430_0.jpg,/content/drive/MyDrive/vehicle_reid_itsc2023-main/dataset/VeRi/image_query/0038_c004_00008430_0.jpg
61,0.554148,0038_c008_00008265_0.jpg,/content/drive/MyDrive/vehicle_reid_itsc2023-main/dataset/VeRi/image_query/0038_c008_00008265_0.jpg
62,0.526788,0038_c009_00008275_0.jpg,/content/drive/MyDrive/vehicle_reid_itsc2023-main/dataset/VeRi/image_query/0038_c009_00008275_0.jpg
63,0.789865,0038_c012_00001765_0.jpg,/content/drive/MyDrive/vehicle_reid_itsc2023-main/dataset/VeRi/image_query/0038_c012_00001765_0.jpg
65,0.739192,0038_c014_00004130_0.jpg,/content/drive/MyDrive/vehicle_reid_itsc2023-main/dataset/VeRi/image_query/0038_c014_00004130_0.jpg
66,0.706794,0038_c015_00004055_0.jpg,/content/drive/MyDrive/vehicle_reid_itsc2023-main/dataset/VeRi/image_query/0038_c015_00004055_0.jpg
67,0.486414,0038_c016_00004350_0.jpg,/content/drive/MyDrive/vehicle_reid_itsc2023-main/dataset/VeRi/image_query/0038_c016_00004350_0.jpg
80,0.136744,0061_c003_00083765_0.jpg,/content/drive/MyDrive/vehicle_reid_itsc2023-main/dataset/VeRi/image_query/0061_c003_00083765_0.jpg
84,0.691917,0063_c002_00010000_0.jpg,/content/drive/MyDrive/vehicle_reid_itsc2023-main/dataset/VeRi/image_query/0063_c002_00010000_0.jpg
107,0.641191,0066_c012_00059110_0.jpg,/content/drive/MyDrive/vehicle_reid_itsc2023-main/dataset/VeRi/image_query/0066_c012_00059110_0.jpg
108,0.796601,0066_c013_00059200_0.jpg,/content/drive/MyDrive/vehicle_reid_itsc2023-main/dataset/VeRi/image_query/0066_c013_00059200_0.jpg
109,0.584402,0066_c014_00056825_0.jpg,/content/drive/MyDrive/vehicle_reid_itsc2023-main/dataset/VeRi/image_query/0066_c014_00056825_0.jpg
112,0.68385,0066_c017_00058360_0.jpg,/content/drive/MyDrive/vehicle_reid_itsc2023-main/dataset/VeRi/image_query/0066_c017_00058360_0.jpg
113,0.691979,0066_c019_00058085_0.jpg,/content/drive/MyDrive/vehicle_reid_itsc2023-main/dataset/VeRi/image_query/0066_c019_00058085_0.jpg
123,0.610596,0086_c001_00079320_0.jpg,/content/drive/MyDrive/vehicle_reid_itsc2023-main/dataset/VeRi/image_query/0086_c001_00079320_0.jpg
133,0.060564,0090_c003_00078485_1.jpg,/content/drive/MyDrive/vehicle_reid_itsc2023-main/dataset/VeRi/image_query/0090_c003_00078485_1.jpg
134,0.024731,0090_c004_00078395_0.jpg,/content/drive/MyDrive/vehicle_reid_itsc2023-main/dataset/VeRi/image_query/0090_c004_00078395_0.jpg
135,0.555686,0090_c009_00078245_0.jpg,/content/drive/MyDrive/vehicle_reid_itsc2023-main/dataset/VeRi/image_query/0090_c009_00078245_0.jpg
136,0.485826,0096_c005_00030530_0.jpg,/content/drive/MyDrive/vehicle_reid_itsc2023-main/dataset/VeRi/image_query/0096_c005_00030530_0.jpg
137,0.113845,0096_c007_00030630_0.jpg,/content/drive/MyDrive/vehicle_reid_itsc2023-main/dataset/VeRi/image_query/0096_c007_00030630_0.jpg
138,0.377768,0096_c012_00025270_1.jpg,/content/drive/MyDrive/vehicle_reid_itsc2023-main/dataset/VeRi/image_query/0096_c012_00025270_1.jpg
139,0.792482,0096_c013_00025120_0.jpg,/content/drive/MyDrive/vehicle_reid_itsc2023-main/dataset/VeRi/image_query/0096_c013_00025120_0.jpg
140,0.302308,0096_c014_00026795_0.jpg,/content/drive/MyDrive/vehicle_reid_itsc2023-main/dataset/VeRi/image_query/0096_c014_00026795_0.jpg
141,0.573773,0096_c015_00026665_0.jpg,/content/drive/MyDrive/vehicle_reid_itsc2023-main/dataset/VeRi/image_query/0096_c015_00026665_0.jpg
142,0.66634,0096_c016_00027015_0.jpg,/content/drive/MyDrive/vehicle_reid_itsc2023-main/dataset/VeRi/image_query/0096_c016_00027015_0.jpg
143,0.676147,0096_c019_00026150_0.jpg,/content/drive/MyDrive/vehicle_reid_itsc2023-main/dataset/VeRi/image_query/0096_c019_00026150_0.jpg
144,0.775634,0101_c001_00043680_0.jpg,/content/drive/MyDrive/vehicle_reid_itsc2023-main/dataset/VeRi/image_query/0101_c001_00043680_0.jpg
145,0.617066,0101_c012_00044145_0.jpg,/content/drive/MyDrive/vehicle_reid_itsc2023-main/dataset/VeRi/image_query/0101_c012_00044145_0.jpg
147,0.621105,0101_c014_00045815_0.jpg,/content/drive/MyDrive/vehicle_reid_itsc2023-main/dataset/VeRi/image_query/0101_c014_00045815_0.jpg
148,0.571529,0101_c015_00045615_0.jpg,/content/drive/MyDrive/vehicle_reid_itsc2023-main/dataset/VeRi/image_query/0101_c015_00045615_0.jpg
150,0.573563,0101_c017_00044765_1.jpg,/content/drive/MyDrive/vehicle_reid_itsc2023-main/dataset/VeRi/image_query/0101_c017_00044765_1.jpg
151,0.785328,0102_c001_00008215_0.jpg,/content/drive/MyDrive/vehicle_reid_itsc2023-main/dataset/VeRi/image_query/0102_c001_00008215_0.jpg
152,0.741122,0102_c012_00007880_0.jpg,/content/drive/MyDrive/vehicle_reid_itsc2023-main/dataset/VeRi/image_query/0102_c012_00007880_0.jpg
153,0.610587,0102_c013_00007965_0.jpg,/content/drive/MyDrive/vehicle_reid_itsc2023-main/dataset/VeRi/image_query/0102_c013_00007965_0.jpg
154,0.788247,0102_c014_00005435_0.jpg,/content/drive/MyDrive/vehicle_reid_itsc2023-main/dataset/VeRi/image_query/0102_c014_00005435_0.jpg
155,0.586246,0102_c015_00005535_0.jpg,/content/drive/MyDrive/vehicle_reid_itsc2023-main/dataset/VeRi/image_query/0102_c015_00005535_0.jpg
156,0.631819,0102_c016_00010770_0.jpg,/content/drive/MyDrive/vehicle_reid_itsc2023-main/dataset/VeRi/image_query/0102_c016_00010770_0.jpg
157,0.686757,0102_c017_00006970_1.jpg,/content/drive/MyDrive/vehicle_reid_itsc2023-main/dataset/VeRi/image_query/0102_c017_00006970_1.jpg
158,0.587257,0102_c019_00006590_0.jpg,/content/drive/MyDrive/vehicle_reid_itsc2023-main/dataset/VeRi/image_query/0102_c019_00006590_0.jpg
160,0.226824,0104_c002_00019700_1.jpg,/content/drive/MyDrive/vehicle_reid_itsc2023-main/dataset/VeRi/image_query/0104_c002_00019700_1.jpg
162,0.754999,0104_c004_00016940_0.jpg,/content/drive/MyDrive/vehicle_reid_itsc2023-main/dataset/VeRi/image_query/0104_c004_00016940_0.jpg
164,0.523047,0104_c010_00017790_0.jpg,/content/drive/MyDrive/vehicle_reid_itsc2023-main/dataset/VeRi/image_query/0104_c010_00017790_0.jpg
166,0.341055,0104_c013_00021685_0.jpg,/content/drive/MyDrive/vehicle_reid_itsc2023-main/dataset/VeRi/image_query/0104_c013_00021685_0.jpg
168,0.186494,0105_c014_00069950_0.jpg,/content/drive/MyDrive/vehicle_reid_itsc2023-main/dataset/VeRi/image_query/0105_c014_00069950_0.jpg
176,0.42625,0108_c002_00075460_1.jpg,/content/drive/MyDrive/vehicle_reid_itsc2023-main/dataset/VeRi/image_query/0108_c002_00075460_1.jpg
177,0.780362,0108_c003_00077570_0.jpg,/content/drive/MyDrive/vehicle_reid_itsc2023-main/dataset/VeRi/image_query/0108_c003_00077570_0.jpg
180,0.711249,0108_c006_00076755_1.jpg,/content/drive/MyDrive/vehicle_reid_itsc2023-main/dataset/VeRi/image_query/0108_c006_00076755_1.jpg
181,0.338702,0108_c007_00078265_0.jpg,/content/drive/MyDrive/vehicle_reid_itsc2023-main/dataset/VeRi/image_query/0108_c007_00078265_0.jpg
184,0.711082,0108_c010_00076940_0.jpg,/content/drive/MyDrive/vehicle_reid_itsc2023-main/dataset/VeRi/image_query/0108_c010_00076940_0.jpg
186,0.610633,0110_c001_00018880_0.jpg,/content/drive/MyDrive/vehicle_reid_itsc2023-main/dataset/VeRi/image_query/0110_c001_00018880_0.jpg
187,0.680124,0110_c002_00019620_0.jpg,/content/drive/MyDrive/vehicle_reid_itsc2023-main/dataset/VeRi/image_query/0110_c002_00019620_0.jpg
188,0.416809,0110_c003_00022520_1.jpg,/content/drive/MyDrive/vehicle_reid_itsc2023-main/dataset/VeRi/image_query/0110_c003_00022520_1.jpg
189,0.664992,0110_c004_00022495_0.jpg,/content/drive/MyDrive/vehicle_reid_itsc2023-main/dataset/VeRi/image_query/0110_c004_00022495_0.jpg
190,0.613325,0110_c006_00021960_0.jpg,/content/drive/MyDrive/vehicle_reid_itsc2023-main/dataset/VeRi/image_query/0110_c006_00021960_0.jpg
193,0.443005,0110_c010_00022075_0.jpg,/content/drive/MyDrive/vehicle_reid_itsc2023-main/dataset/VeRi/image_query/0110_c010_00022075_0.jpg
194,0.647286,0110_c011_00021890_0.jpg,/content/drive/MyDrive/vehicle_reid_itsc2023-main/dataset/VeRi/image_query/0110_c011_00021890_0.jpg
195,0.50913,0110_c012_00007700_0.jpg,/content/drive/MyDrive/vehicle_reid_itsc2023-main/dataset/VeRi/image_query/0110_c012_00007700_0.jpg
196,0.687448,0113_c001_00080770_0.jpg,/content/drive/MyDrive/vehicle_reid_itsc2023-main/dataset/VeRi/image_query/0113_c001_00080770_0.jpg
197,0.621968,0113_c002_00079195_1.jpg,/content/drive/MyDrive/vehicle_reid_itsc2023-main/dataset/VeRi/image_query/0113_c002_00079195_1.jpg
198,0.640334,0113_c003_00076335_0.jpg,/content/drive/MyDrive/vehicle_reid_itsc2023-main/dataset/VeRi/image_query/0113_c003_00076335_0.jpg
199,0.651198,0113_c004_00076225_0.jpg,/content/drive/MyDrive/vehicle_reid_itsc2023-main/dataset/VeRi/image_query/0113_c004_00076225_0.jpg
201,0.700053,0113_c008_00076115_0.jpg,/content/drive/MyDrive/vehicle_reid_itsc2023-main/dataset/VeRi/image_query/0113_c008_00076115_0.jpg
202,0.772523,0113_c009_00076210_0.jpg,/content/drive/MyDrive/vehicle_reid_itsc2023-main/dataset/VeRi/image_query/0113_c009_00076210_0.jpg
203,0.487222,0113_c010_00076760_1.jpg,/content/drive/MyDrive/vehicle_reid_itsc2023-main/dataset/VeRi/image_query/0113_c010_00076760_1.jpg
204,0.795544,0113_c011_00076850_0.jpg,/content/drive/MyDrive/vehicle_reid_itsc2023-main/dataset/VeRi/image_query/0113_c011_00076850_0.jpg
205,0.590909,0113_c012_00081255_0.jpg,/content/drive/MyDrive/vehicle_reid_itsc2023-main/dataset/VeRi/image_query/0113_c012_00081255_0.jpg
206,0.651292,0113_c013_00081150_0.jpg,/content/drive/MyDrive/vehicle_reid_itsc2023-main/dataset/VeRi/image_query/0113_c013_00081150_0.jpg
207,0.524908,0113_c017_00081820_0.jpg,/content/drive/MyDrive/vehicle_reid_itsc2023-main/dataset/VeRi/image_query/0113_c017_00081820_0.jpg
208,0.58433,0113_c019_00081925_0.jpg,/content/drive/MyDrive/vehicle_reid_itsc2023-main/dataset/VeRi/image_query/0113_c019_00081925_0.jpg
214,0.737085,0117_c016_00052565_0.jpg,/content/drive/MyDrive/vehicle_reid_itsc2023-main/dataset/VeRi/image_query/0117_c016_00052565_0.jpg
219,0.74785,0118_c003_00089040_1.jpg,/content/drive/MyDrive/vehicle_reid_itsc2023-main/dataset/VeRi/image_query/0118_c003_00089040_1.jpg
222,0.758802,0118_c006_00088190_1.jpg,/content/drive/MyDrive/vehicle_reid_itsc2023-main/dataset/VeRi/image_query/0118_c006_00088190_1.jpg
236,0.261309,0122_c012_00036985_0.jpg,/content/drive/MyDrive/vehicle_reid_itsc2023-main/dataset/VeRi/image_query/0122_c012_00036985_0.jpg
241,0.572726,0126_c001_00005395_0.jpg,/content/drive/MyDrive/vehicle_reid_itsc2023-main/dataset/VeRi/image_query/0126_c001_00005395_0.jpg
242,0.587922,0126_c002_00059155_0.jpg,/content/drive/MyDrive/vehicle_reid_itsc2023-main/dataset/VeRi/image_query/0126_c002_00059155_0.jpg
243,0.522491,0126_c003_00061005_1.jpg,/content/drive/MyDrive/vehicle_reid_itsc2023-main/dataset/VeRi/image_query/0126_c003_00061005_1.jpg
244,0.573107,0126_c004_00060980_0.jpg,/content/drive/MyDrive/vehicle_reid_itsc2023-main/dataset/VeRi/image_query/0126_c004_00060980_0.jpg
245,0.73043,0126_c005_00061745_1.jpg,/content/drive/MyDrive/vehicle_reid_itsc2023-main/dataset/VeRi/image_query/0126_c005_00061745_1.jpg
246,0.523218,0126_c006_00060265_0.jpg,/content/drive/MyDrive/vehicle_reid_itsc2023-main/dataset/VeRi/image_query/0126_c006_00060265_0.jpg
247,0.261768,0126_c007_00061840_0.jpg,/content/drive/MyDrive/vehicle_reid_itsc2023-main/dataset/VeRi/image_query/0126_c007_00061840_0.jpg
248,0.680324,0126_c008_00061250_0.jpg,/content/drive/MyDrive/vehicle_reid_itsc2023-main/dataset/VeRi/image_query/0126_c008_00061250_0.jpg
249,0.656924,0126_c009_00061190_0.jpg,/content/drive/MyDrive/vehicle_reid_itsc2023-main/dataset/VeRi/image_query/0126_c009_00061190_0.jpg
250,0.509997,0126_c010_00060400_0.jpg,/content/drive/MyDrive/vehicle_reid_itsc2023-main/dataset/VeRi/image_query/0126_c010_00060400_0.jpg
251,0.518005,0126_c011_00060250_0.jpg,/content/drive/MyDrive/vehicle_reid_itsc2023-main/dataset/VeRi/image_query/0126_c011_00060250_0.jpg
252,0.628509,0126_c012_00003945_0.jpg,/content/drive/MyDrive/vehicle_reid_itsc2023-main/dataset/VeRi/image_query/0126_c012_00003945_0.jpg
254,0.477059,0126_c014_00002490_1.jpg,/content/drive/MyDrive/vehicle_reid_itsc2023-main/dataset/VeRi/image_query/0126_c014_00002490_1.jpg
255,0.758849,0126_c016_00002265_0.jpg,/content/drive/MyDrive/vehicle_reid_itsc2023-main/dataset/VeRi/image_query/0126_c016_00002265_0.jpg
256,0.5832,0126_c017_00003330_1.jpg,/content/drive/MyDrive/vehicle_reid_itsc2023-main/dataset/VeRi/image_query/0126_c017_00003330_1.jpg
257,0.743047,0126_c019_00003130_0.jpg,/content/drive/MyDrive/vehicle_reid_itsc2023-main/dataset/VeRi/image_query/0126_c019_00003130_0.jpg
259,0.263857,0129_c015_00026705_1.jpg,/content/drive/MyDrive/vehicle_reid_itsc2023-main/dataset/VeRi/image_query/0129_c015_00026705_1.jpg
261,0.498038,0129_c019_00027405_0.jpg,/content/drive/MyDrive/vehicle_reid_itsc2023-main/dataset/VeRi/image_query/0129_c019_00027405_0.jpg
266,0.799207,0130_c008_00058880_0.jpg,/content/drive/MyDrive/vehicle_reid_itsc2023-main/dataset/VeRi/image_query/0130_c008_00058880_0.jpg
277,0.550447,0134_c002_00063575_0.jpg,/content/drive/MyDrive/vehicle_reid_itsc2023-main/dataset/VeRi/image_query/0134_c002_00063575_0.jpg
279,0.596154,0134_c004_00049285_0.jpg,/content/drive/MyDrive/vehicle_reid_itsc2023-main/dataset/VeRi/image_query/0134_c004_00049285_0.jpg
281,0.538488,0134_c006_00047550_1.jpg,/content/drive/MyDrive/vehicle_reid_itsc2023-main/dataset/VeRi/image_query/0134_c006_00047550_1.jpg
283,0.761325,0134_c008_00049955_0.jpg,/content/drive/MyDrive/vehicle_reid_itsc2023-main/dataset/VeRi/image_query/0134_c008_00049955_0.jpg
285,0.552508,0134_c010_00061445_0.jpg,/content/drive/MyDrive/vehicle_reid_itsc2023-main/dataset/VeRi/image_query/0134_c010_00061445_0.jpg
288,0.516142,0134_c013_00065515_0.jpg,/content/drive/MyDrive/vehicle_reid_itsc2023-main/dataset/VeRi/image_query/0134_c013_00065515_0.jpg
290,0.531803,0134_c015_00070000_1.jpg,/content/drive/MyDrive/vehicle_reid_itsc2023-main/dataset/VeRi/image_query/0134_c015_00070000_1.jpg
291,0.532837,0134_c016_00071425_0.jpg,/content/drive/MyDrive/vehicle_reid_itsc2023-main/dataset/VeRi/image_query/0134_c016_00071425_0.jpg
293,0.493697,0134_c019_00068345_0.jpg,/content/drive/MyDrive/vehicle_reid_itsc2023-main/dataset/VeRi/image_query/0134_c019_00068345_0.jpg
294,0.685215,0135_c001_00061845_0.jpg,/content/drive/MyDrive/vehicle_reid_itsc2023-main/dataset/VeRi/image_query/0135_c001_00061845_0.jpg
295,0.783412,0135_c002_00068195_1.jpg,/content/drive/MyDrive/vehicle_reid_itsc2023-main/dataset/VeRi/image_query/0135_c002_00068195_1.jpg
296,0.614492,0135_c003_00070150_0.jpg,/content/drive/MyDrive/vehicle_reid_itsc2023-main/dataset/VeRi/image_query/0135_c003_00070150_0.jpg
297,0.762841,0135_c004_00070135_0.jpg,/content/drive/MyDrive/vehicle_reid_itsc2023-main/dataset/VeRi/image_query/0135_c004_00070135_0.jpg
298,0.741798,0135_c005_00070830_0.jpg,/content/drive/MyDrive/vehicle_reid_itsc2023-main/dataset/VeRi/image_query/0135_c005_00070830_0.jpg
299,0.630176,0135_c006_00069415_0.jpg,/content/drive/MyDrive/vehicle_reid_itsc2023-main/dataset/VeRi/image_query/0135_c006_00069415_0.jpg
300,0.689833,0135_c007_00070935_0.jpg,/content/drive/MyDrive/vehicle_reid_itsc2023-main/dataset/VeRi/image_query/0135_c007_00070935_0.jpg
301,0.332787,0135_c008_00070415_0.jpg,/content/drive/MyDrive/vehicle_reid_itsc2023-main/dataset/VeRi/image_query/0135_c008_00070415_0.jpg
302,0.506431,0135_c009_00070340_0.jpg,/content/drive/MyDrive/vehicle_reid_itsc2023-main/dataset/VeRi/image_query/0135_c009_00070340_0.jpg
303,0.67423,0135_c010_00069590_1.jpg,/content/drive/MyDrive/vehicle_reid_itsc2023-main/dataset/VeRi/image_query/0135_c010_00069590_1.jpg
304,0.599724,0135_c011_00069430_0.jpg,/content/drive/MyDrive/vehicle_reid_itsc2023-main/dataset/VeRi/image_query/0135_c011_00069430_0.jpg
305,0.71564,0135_c012_00060335_0.jpg,/content/drive/MyDrive/vehicle_reid_itsc2023-main/dataset/VeRi/image_query/0135_c012_00060335_0.jpg
307,0.667663,0135_c014_00058310_1.jpg,/content/drive/MyDrive/vehicle_reid_itsc2023-main/dataset/VeRi/image_query/0135_c014_00058310_1.jpg
308,0.708515,0135_c015_00058375_0.jpg,/content/drive/MyDrive/vehicle_reid_itsc2023-main/dataset/VeRi/image_query/0135_c015_00058375_0.jpg
309,0.717783,0135_c016_00057900_0.jpg,/content/drive/MyDrive/vehicle_reid_itsc2023-main/dataset/VeRi/image_query/0135_c016_00057900_0.jpg
310,0.625092,0135_c017_00059590_0.jpg,/content/drive/MyDrive/vehicle_reid_itsc2023-main/dataset/VeRi/image_query/0135_c017_00059590_0.jpg
312,0.699424,0142_c014_00086485_0.jpg,/content/drive/MyDrive/vehicle_reid_itsc2023-main/dataset/VeRi/image_query/0142_c014_00086485_0.jpg
313,0.786679,0142_c015_00086515_0.jpg,/content/drive/MyDrive/vehicle_reid_itsc2023-main/dataset/VeRi/image_query/0142_c015_00086515_0.jpg
314,0.618143,0142_c016_00086325_0.jpg,/content/drive/MyDrive/vehicle_reid_itsc2023-main/dataset/VeRi/image_query/0142_c016_00086325_0.jpg
315,0.773671,0142_c017_00088125_0.jpg,/content/drive/MyDrive/vehicle_reid_itsc2023-main/dataset/VeRi/image_query/0142_c017_00088125_0.jpg
316,0.650098,0142_c019_00088350_0.jpg,/content/drive/MyDrive/vehicle_reid_itsc2023-main/dataset/VeRi/image_query/0142_c019_00088350_0.jpg
317,0.495821,0143_c001_00072350_0.jpg,/content/drive/MyDrive/vehicle_reid_itsc2023-main/dataset/VeRi/image_query/0143_c001_00072350_0.jpg
318,0.541371,0143_c012_00073035_0.jpg,/content/drive/MyDrive/vehicle_reid_itsc2023-main/dataset/VeRi/image_query/0143_c012_00073035_0.jpg
319,0.49355,0143_c013_00072830_0.jpg,/content/drive/MyDrive/vehicle_reid_itsc2023-main/dataset/VeRi/image_query/0143_c013_00072830_0.jpg
320,0.462159,0143_c014_00074735_0.jpg,/content/drive/MyDrive/vehicle_reid_itsc2023-main/dataset/VeRi/image_query/0143_c014_00074735_0.jpg
321,0.515495,0143_c015_00074530_0.jpg,/content/drive/MyDrive/vehicle_reid_itsc2023-main/dataset/VeRi/image_query/0143_c015_00074530_0.jpg
322,0.614938,0143_c016_00076535_0.jpg,/content/drive/MyDrive/vehicle_reid_itsc2023-main/dataset/VeRi/image_query/0143_c016_00076535_0.jpg
323,0.375152,0143_c017_00073710_0.jpg,/content/drive/MyDrive/vehicle_reid_itsc2023-main/dataset/VeRi/image_query/0143_c017_00073710_0.jpg
324,0.520735,0143_c019_00073915_0.jpg,/content/drive/MyDrive/vehicle_reid_itsc2023-main/dataset/VeRi/image_query/0143_c019_00073915_0.jpg
326,0.7853,0144_c012_00027240_0.jpg,/content/drive/MyDrive/vehicle_reid_itsc2023-main/dataset/VeRi/image_query/0144_c012_00027240_0.jpg
327,0.775955,0144_c013_00027420_0.jpg,/content/drive/MyDrive/vehicle_reid_itsc2023-main/dataset/VeRi/image_query/0144_c013_00027420_0.jpg
328,0.77225,0144_c014_00024350_0.jpg,/content/drive/MyDrive/vehicle_reid_itsc2023-main/dataset/VeRi/image_query/0144_c014_00024350_0.jpg
330,0.636374,0144_c017_00026280_0.jpg,/content/drive/MyDrive/vehicle_reid_itsc2023-main/dataset/VeRi/image_query/0144_c017_00026280_0.jpg
331,0.441568,0145_c014_00025420_0.jpg,/content/drive/MyDrive/vehicle_reid_itsc2023-main/dataset/VeRi/image_query/0145_c014_00025420_0.jpg
333,0.660837,0145_c016_00026460_1.jpg,/content/drive/MyDrive/vehicle_reid_itsc2023-main/dataset/VeRi/image_query/0145_c016_00026460_1.jpg
334,0.331709,0150_c001_00048515_0.jpg,/content/drive/MyDrive/vehicle_reid_itsc2023-main/dataset/VeRi/image_query/0150_c001_00048515_0.jpg
335,0.555487,0150_c012_00048975_0.jpg,/content/drive/MyDrive/vehicle_reid_itsc2023-main/dataset/VeRi/image_query/0150_c012_00048975_0.jpg
336,0.439376,0150_c013_00048845_0.jpg,/content/drive/MyDrive/vehicle_reid_itsc2023-main/dataset/VeRi/image_query/0150_c013_00048845_0.jpg
337,0.570114,0150_c014_00050980_0.jpg,/content/drive/MyDrive/vehicle_reid_itsc2023-main/dataset/VeRi/image_query/0150_c014_00050980_0.jpg
338,0.479386,0150_c015_00050780_0.jpg,/content/drive/MyDrive/vehicle_reid_itsc2023-main/dataset/VeRi/image_query/0150_c015_00050780_0.jpg
339,0.465881,0150_c017_00049560_2.jpg,/content/drive/MyDrive/vehicle_reid_itsc2023-main/dataset/VeRi/image_query/0150_c017_00049560_2.jpg
340,0.504022,0150_c019_00049885_1.jpg,/content/drive/MyDrive/vehicle_reid_itsc2023-main/dataset/VeRi/image_query/0150_c019_00049885_1.jpg
341,0.629898,0151_c001_00004585_0.jpg,/content/drive/MyDrive/vehicle_reid_itsc2023-main/dataset/VeRi/image_query/0151_c001_00004585_0.jpg
346,0.500557,0151_c006_00005730_0.jpg,/content/drive/MyDrive/vehicle_reid_itsc2023-main/dataset/VeRi/image_query/0151_c006_00005730_0.jpg
348,0.77712,0151_c008_00006650_0.jpg,/content/drive/MyDrive/vehicle_reid_itsc2023-main/dataset/VeRi/image_query/0151_c008_00006650_0.jpg
351,0.578494,0151_c011_00005670_0.jpg,/content/drive/MyDrive/vehicle_reid_itsc2023-main/dataset/VeRi/image_query/0151_c011_00005670_0.jpg
352,0.657883,0151_c012_00002630_0.jpg,/content/drive/MyDrive/vehicle_reid_itsc2023-main/dataset/VeRi/image_query/0151_c012_00002630_0.jpg
356,0.660416,0151_c017_00002085_0.jpg,/content/drive/MyDrive/vehicle_reid_itsc2023-main/dataset/VeRi/image_query/0151_c017_00002085_0.jpg
358,0.797488,0154_c001_00039250_0.jpg,/content/drive/MyDrive/vehicle_reid_itsc2023-main/dataset/VeRi/image_query/0154_c001_00039250_0.jpg
360,0.755599,0154_c013_00039540_1.jpg,/content/drive/MyDrive/vehicle_reid_itsc2023-main/dataset/VeRi/image_query/0154_c013_00039540_1.jpg
361,0.501599,0154_c014_00041025_0.jpg,/content/drive/MyDrive/vehicle_reid_itsc2023-main/dataset/VeRi/image_query/0154_c014_00041025_0.jpg
364,0.632186,0154_c017_00040080_1.jpg,/content/drive/MyDrive/vehicle_reid_itsc2023-main/dataset/VeRi/image_query/0154_c017_00040080_1.jpg
366,0.746233,0162_c003_00033265_0.jpg,/content/drive/MyDrive/vehicle_reid_itsc2023-main/dataset/VeRi/image_query/0162_c003_00033265_0.jpg
367,0.537086,0162_c004_00033160_0.jpg,/content/drive/MyDrive/vehicle_reid_itsc2023-main/dataset/VeRi/image_query/0162_c004_00033160_0.jpg
368,0.677013,0162_c008_00032930_0.jpg,/content/drive/MyDrive/vehicle_reid_itsc2023-main/dataset/VeRi/image_query/0162_c008_00032930_0.jpg
369,0.620734,0162_c009_00033030_0.jpg,/content/drive/MyDrive/vehicle_reid_itsc2023-main/dataset/VeRi/image_query/0162_c009_00033030_0.jpg
370,0.704963,0166_c001_00038230_0.jpg,/content/drive/MyDrive/vehicle_reid_itsc2023-main/dataset/VeRi/image_query/0166_c001_00038230_0.jpg
371,0.683828,0166_c013_00037090_0.jpg,/content/drive/MyDrive/vehicle_reid_itsc2023-main/dataset/VeRi/image_query/0166_c013_00037090_0.jpg
372,0.699065,0166_c014_00035220_0.jpg,/content/drive/MyDrive/vehicle_reid_itsc2023-main/dataset/VeRi/image_query/0166_c014_00035220_0.jpg
373,0.529055,0166_c016_00034905_1.jpg,/content/drive/MyDrive/vehicle_reid_itsc2023-main/dataset/VeRi/image_query/0166_c016_00034905_1.jpg
374,0.697014,0166_c017_00036360_0.jpg,/content/drive/MyDrive/vehicle_reid_itsc2023-main/dataset/VeRi/image_query/0166_c017_00036360_0.jpg
377,0.717644,0172_c003_00078210_0.jpg,/content/drive/MyDrive/vehicle_reid_itsc2023-main/dataset/VeRi/image_query/0172_c003_00078210_0.jpg
378,0.62852,0172_c004_00078125_0.jpg,/content/drive/MyDrive/vehicle_reid_itsc2023-main/dataset/VeRi/image_query/0172_c004_00078125_0.jpg
379,0.76684,0172_c006_00078815_1.jpg,/content/drive/MyDrive/vehicle_reid_itsc2023-main/dataset/VeRi/image_query/0172_c006_00078815_1.jpg
381,0.743977,0172_c011_00078830_0.jpg,/content/drive/MyDrive/vehicle_reid_itsc2023-main/dataset/VeRi/image_query/0172_c011_00078830_0.jpg
382,0.599993,0172_c012_00086365_0.jpg,/content/drive/MyDrive/vehicle_reid_itsc2023-main/dataset/VeRi/image_query/0172_c012_00086365_0.jpg
384,0.561451,0172_c017_00086965_1.jpg,/content/drive/MyDrive/vehicle_reid_itsc2023-main/dataset/VeRi/image_query/0172_c017_00086965_1.jpg
385,0.697437,0172_c019_00087160_0.jpg,/content/drive/MyDrive/vehicle_reid_itsc2023-main/dataset/VeRi/image_query/0172_c019_00087160_0.jpg
386,0.720621,0173_c001_00066750_0.jpg,/content/drive/MyDrive/vehicle_reid_itsc2023-main/dataset/VeRi/image_query/0173_c001_00066750_0.jpg
387,0.703415,0173_c002_00065255_0.jpg,/content/drive/MyDrive/vehicle_reid_itsc2023-main/dataset/VeRi/image_query/0173_c002_00065255_0.jpg
393,0.761688,0173_c017_00068180_0.jpg,/content/drive/MyDrive/vehicle_reid_itsc2023-main/dataset/VeRi/image_query/0173_c017_00068180_0.jpg
401,0.60569,0174_c009_00044130_0.jpg,/content/drive/MyDrive/vehicle_reid_itsc2023-main/dataset/VeRi/image_query/0174_c009_00044130_0.jpg
403,0.714685,0174_c011_00072800_0.jpg,/content/drive/MyDrive/vehicle_reid_itsc2023-main/dataset/VeRi/image_query/0174_c011_00072800_0.jpg
414,0.677864,0179_c001_00028745_0.jpg,/content/drive/MyDrive/vehicle_reid_itsc2023-main/dataset/VeRi/image_query/0179_c001_00028745_0.jpg
415,0.671208,0179_c002_00029105_0.jpg,/content/drive/MyDrive/vehicle_reid_itsc2023-main/dataset/VeRi/image_query/0179_c002_00029105_0.jpg
416,0.655313,0179_c012_00028010_0.jpg,/content/drive/MyDrive/vehicle_reid_itsc2023-main/dataset/VeRi/image_query/0179_c012_00028010_0.jpg
417,0.646401,0179_c013_00028075_0.jpg,/content/drive/MyDrive/vehicle_reid_itsc2023-main/dataset/VeRi/image_query/0179_c013_00028075_0.jpg
418,0.748234,0179_c014_00026615_0.jpg,/content/drive/MyDrive/vehicle_reid_itsc2023-main/dataset/VeRi/image_query/0179_c014_00026615_0.jpg
419,0.628715,0179_c015_00026620_1.jpg,/content/drive/MyDrive/vehicle_reid_itsc2023-main/dataset/VeRi/image_query/0179_c015_00026620_1.jpg
420,0.64428,0179_c017_00027470_0.jpg,/content/drive/MyDrive/vehicle_reid_itsc2023-main/dataset/VeRi/image_query/0179_c017_00027470_0.jpg
421,0.021663,0179_c019_00027620_0.jpg,/content/drive/MyDrive/vehicle_reid_itsc2023-main/dataset/VeRi/image_query/0179_c019_00027620_0.jpg
435,0.711674,0182_c009_00039315_0.jpg,/content/drive/MyDrive/vehicle_reid_itsc2023-main/dataset/VeRi/image_query/0182_c009_00039315_0.jpg
447,0.742505,0188_c001_00050155_1.jpg,/content/drive/MyDrive/vehicle_reid_itsc2023-main/dataset/VeRi/image_query/0188_c001_00050155_1.jpg
450,0.777514,0188_c004_00055000_0.jpg,/content/drive/MyDrive/vehicle_reid_itsc2023-main/dataset/VeRi/image_query/0188_c004_00055000_0.jpg
454,0.799727,0188_c008_00055320_0.jpg,/content/drive/MyDrive/vehicle_reid_itsc2023-main/dataset/VeRi/image_query/0188_c008_00055320_0.jpg
455,0.756907,0188_c009_00055250_0.jpg,/content/drive/MyDrive/vehicle_reid_itsc2023-main/dataset/VeRi/image_query/0188_c009_00055250_0.jpg
458,0.779048,0188_c012_00048585_0.jpg,/content/drive/MyDrive/vehicle_reid_itsc2023-main/dataset/VeRi/image_query/0188_c012_00048585_0.jpg
460,0.753862,0188_c014_00047140_0.jpg,/content/drive/MyDrive/vehicle_reid_itsc2023-main/dataset/VeRi/image_query/0188_c014_00047140_0.jpg
462,0.763971,0188_c016_00046980_0.jpg,/content/drive/MyDrive/vehicle_reid_itsc2023-main/dataset/VeRi/image_query/0188_c016_00046980_0.jpg
463,0.76752,0188_c017_00047990_0.jpg,/content/drive/MyDrive/vehicle_reid_itsc2023-main/dataset/VeRi/image_query/0188_c017_00047990_0.jpg
481,0.657525,0197_c001_00026320_0.jpg,/content/drive/MyDrive/vehicle_reid_itsc2023-main/dataset/VeRi/image_query/0197_c001_00026320_0.jpg
489,0.740313,0205_c002_00054545_1.jpg,/content/drive/MyDrive/vehicle_reid_itsc2023-main/dataset/VeRi/image_query/0205_c002_00054545_1.jpg
490,0.670122,0205_c003_00056520_0.jpg,/content/drive/MyDrive/vehicle_reid_itsc2023-main/dataset/VeRi/image_query/0205_c003_00056520_0.jpg
492,0.755079,0205_c005_00057145_0.jpg,/content/drive/MyDrive/vehicle_reid_itsc2023-main/dataset/VeRi/image_query/0205_c005_00057145_0.jpg
497,0.794046,0205_c010_00055905_0.jpg,/content/drive/MyDrive/vehicle_reid_itsc2023-main/dataset/VeRi/image_query/0205_c010_00055905_0.jpg
499,0.630691,0207_c001_00029475_0.jpg,/content/drive/MyDrive/vehicle_reid_itsc2023-main/dataset/VeRi/image_query/0207_c001_00029475_0.jpg
502,0.690228,0207_c014_00010170_0.jpg,/content/drive/MyDrive/vehicle_reid_itsc2023-main/dataset/VeRi/image_query/0207_c014_00010170_0.jpg
505,0.687417,0207_c017_00009240_0.jpg,/content/drive/MyDrive/vehicle_reid_itsc2023-main/dataset/VeRi/image_query/0207_c017_00009240_0.jpg
506,0.71733,0207_c019_00009530_0.jpg,/content/drive/MyDrive/vehicle_reid_itsc2023-main/dataset/VeRi/image_query/0207_c019_00009530_0.jpg
507,0.730301,0216_c014_00089375_0.jpg,/content/drive/MyDrive/vehicle_reid_itsc2023-main/dataset/VeRi/image_query/0216_c014_00089375_0.jpg
508,0.769272,0216_c015_00089195_0.jpg,/content/drive/MyDrive/vehicle_reid_itsc2023-main/dataset/VeRi/image_query/0216_c015_00089195_0.jpg
519,0.7502,0219_c001_00026305_1.jpg,/content/drive/MyDrive/vehicle_reid_itsc2023-main/dataset/VeRi/image_query/0219_c001_00026305_1.jpg
520,0.753269,0219_c012_00026705_0.jpg,/content/drive/MyDrive/vehicle_reid_itsc2023-main/dataset/VeRi/image_query/0219_c012_00026705_0.jpg
522,0.710421,0219_c014_00027875_0.jpg,/content/drive/MyDrive/vehicle_reid_itsc2023-main/dataset/VeRi/image_query/0219_c014_00027875_0.jpg
525,0.629423,0219_c017_00027085_0.jpg,/content/drive/MyDrive/vehicle_reid_itsc2023-main/dataset/VeRi/image_query/0219_c017_00027085_0.jpg
565,0.592679,0249_c001_00019250_0.jpg,/content/drive/MyDrive/vehicle_reid_itsc2023-main/dataset/VeRi/image_query/0249_c001_00019250_0.jpg
566,0.428173,0249_c002_00018350_1.jpg,/content/drive/MyDrive/vehicle_reid_itsc2023-main/dataset/VeRi/image_query/0249_c002_00018350_1.jpg
567,0.627167,0249_c012_00019845_1.jpg,/content/drive/MyDrive/vehicle_reid_itsc2023-main/dataset/VeRi/image_query/0249_c012_00019845_1.jpg
568,0.627154,0249_c013_00019735_0.jpg,/content/drive/MyDrive/vehicle_reid_itsc2023-main/dataset/VeRi/image_query/0249_c013_00019735_0.jpg
569,0.511946,0249_c014_00021390_0.jpg,/content/drive/MyDrive/vehicle_reid_itsc2023-main/dataset/VeRi/image_query/0249_c014_00021390_0.jpg
570,0.746249,0249_c015_00021280_0.jpg,/content/drive/MyDrive/vehicle_reid_itsc2023-main/dataset/VeRi/image_query/0249_c015_00021280_0.jpg
571,0.71134,0249_c016_00021630_0.jpg,/content/drive/MyDrive/vehicle_reid_itsc2023-main/dataset/VeRi/image_query/0249_c016_00021630_0.jpg
572,0.577859,0249_c017_00020505_0.jpg,/content/drive/MyDrive/vehicle_reid_itsc2023-main/dataset/VeRi/image_query/0249_c017_00020505_0.jpg
573,0.467938,0249_c019_00020775_0.jpg,/content/drive/MyDrive/vehicle_reid_itsc2023-main/dataset/VeRi/image_query/0249_c019_00020775_0.jpg
614,0.637939,0288_c001_00064095_1.jpg,/content/drive/MyDrive/vehicle_reid_itsc2023-main/dataset/VeRi/image_query/0288_c001_00064095_1.jpg
617,0.582298,0288_c004_00028640_0.jpg,/content/drive/MyDrive/vehicle_reid_itsc2023-main/dataset/VeRi/image_query/0288_c004_00028640_0.jpg
618,0.70924,0288_c006_00029355_0.jpg,/content/drive/MyDrive/vehicle_reid_itsc2023-main/dataset/VeRi/image_query/0288_c006_00029355_0.jpg
619,0.653653,0288_c008_00028550_0.jpg,/content/drive/MyDrive/vehicle_reid_itsc2023-main/dataset/VeRi/image_query/0288_c008_00028550_0.jpg
622,0.670125,0288_c011_00029320_0.jpg,/content/drive/MyDrive/vehicle_reid_itsc2023-main/dataset/VeRi/image_query/0288_c011_00029320_0.jpg
623,0.543258,0288_c012_00064570_0.jpg,/content/drive/MyDrive/vehicle_reid_itsc2023-main/dataset/VeRi/image_query/0288_c012_00064570_0.jpg
628,0.664665,0294_c007_00061875_0.jpg,/content/drive/MyDrive/vehicle_reid_itsc2023-main/dataset/VeRi/image_query/0294_c007_00061875_0.jpg
630,0.679395,0294_c010_00057310_0.jpg,/content/drive/MyDrive/vehicle_reid_itsc2023-main/dataset/VeRi/image_query/0294_c010_00057310_0.jpg
631,0.400669,0295_c001_00038450_0.jpg,/content/drive/MyDrive/vehicle_reid_itsc2023-main/dataset/VeRi/image_query/0295_c001_00038450_0.jpg
632,0.739298,0295_c002_00038855_0.jpg,/content/drive/MyDrive/vehicle_reid_itsc2023-main/dataset/VeRi/image_query/0295_c002_00038855_0.jpg
633,0.447276,0295_c012_00038020_0.jpg,/content/drive/MyDrive/vehicle_reid_itsc2023-main/dataset/VeRi/image_query/0295_c012_00038020_0.jpg
634,0.759608,0295_c013_00038040_0.jpg,/content/drive/MyDrive/vehicle_reid_itsc2023-main/dataset/VeRi/image_query/0295_c013_00038040_0.jpg
635,0.779973,0295_c014_00036620_0.jpg,/content/drive/MyDrive/vehicle_reid_itsc2023-main/dataset/VeRi/image_query/0295_c014_00036620_0.jpg
636,0.792054,0295_c015_00036585_0.jpg,/content/drive/MyDrive/vehicle_reid_itsc2023-main/dataset/VeRi/image_query/0295_c015_00036585_0.jpg
637,0.64116,0295_c016_00036345_0.jpg,/content/drive/MyDrive/vehicle_reid_itsc2023-main/dataset/VeRi/image_query/0295_c016_00036345_0.jpg
638,0.787995,0295_c017_00037490_0.jpg,/content/drive/MyDrive/vehicle_reid_itsc2023-main/dataset/VeRi/image_query/0295_c017_00037490_0.jpg
639,0.709527,0295_c019_00037285_0.jpg,/content/drive/MyDrive/vehicle_reid_itsc2023-main/dataset/VeRi/image_query/0295_c019_00037285_0.jpg
640,0.557747,0296_c001_00062155_0.jpg,/content/drive/MyDrive/vehicle_reid_itsc2023-main/dataset/VeRi/image_query/0296_c001_00062155_0.jpg
642,0.590969,0296_c012_00060375_0.jpg,/content/drive/MyDrive/vehicle_reid_itsc2023-main/dataset/VeRi/image_query/0296_c012_00060375_0.jpg
644,0.518501,0296_c014_00058475_0.jpg,/content/drive/MyDrive/vehicle_reid_itsc2023-main/dataset/VeRi/image_query/0296_c014_00058475_0.jpg
645,0.799464,0296_c015_00058505_0.jpg,/content/drive/MyDrive/vehicle_reid_itsc2023-main/dataset/VeRi/image_query/0296_c015_00058505_0.jpg
647,0.789425,0296_c017_00059700_0.jpg,/content/drive/MyDrive/vehicle_reid_itsc2023-main/dataset/VeRi/image_query/0296_c017_00059700_0.jpg
649,0.424779,0298_c014_00045200_0.jpg,/content/drive/MyDrive/vehicle_reid_itsc2023-main/dataset/VeRi/image_query/0298_c014_00045200_0.jpg
650,0.737801,0298_c015_00045200_0.jpg,/content/drive/MyDrive/vehicle_reid_itsc2023-main/dataset/VeRi/image_query/0298_c015_00045200_0.jpg
651,0.769783,0298_c016_00044940_0.jpg,/content/drive/MyDrive/vehicle_reid_itsc2023-main/dataset/VeRi/image_query/0298_c016_00044940_0.jpg
652,0.480538,0298_c017_00046265_0.jpg,/content/drive/MyDrive/vehicle_reid_itsc2023-main/dataset/VeRi/image_query/0298_c017_00046265_0.jpg
653,0.764523,0298_c018_00046485_0.jpg,/content/drive/MyDrive/vehicle_reid_itsc2023-main/dataset/VeRi/image_query/0298_c018_00046485_0.jpg
654,0.792449,0298_c019_00045845_1.jpg,/content/drive/MyDrive/vehicle_reid_itsc2023-main/dataset/VeRi/image_query/0298_c019_00045845_1.jpg
659,0.688433,0299_c006_00076930_0.jpg,/content/drive/MyDrive/vehicle_reid_itsc2023-main/dataset/VeRi/image_query/0299_c006_00076930_0.jpg
663,0.71322,0299_c011_00076930_0.jpg,/content/drive/MyDrive/vehicle_reid_itsc2023-main/dataset/VeRi/image_query/0299_c011_00076930_0.jpg
664,0.508705,0300_c001_00080740_0.jpg,/content/drive/MyDrive/vehicle_reid_itsc2023-main/dataset/VeRi/image_query/0300_c001_00080740_0.jpg
665,0.763964,0300_c002_00081350_0.jpg,/content/drive/MyDrive/vehicle_reid_itsc2023-main/dataset/VeRi/image_query/0300_c002_00081350_0.jpg
666,0.363687,0300_c012_00078670_0.jpg,/content/drive/MyDrive/vehicle_reid_itsc2023-main/dataset/VeRi/image_query/0300_c012_00078670_0.jpg
667,0.756592,0300_c013_00078770_0.jpg,/content/drive/MyDrive/vehicle_reid_itsc2023-main/dataset/VeRi/image_query/0300_c013_00078770_0.jpg
670,0.711022,0300_c016_00076610_0.jpg,/content/drive/MyDrive/vehicle_reid_itsc2023-main/dataset/VeRi/image_query/0300_c016_00076610_0.jpg
672,0.684376,0300_c019_00077665_0.jpg,/content/drive/MyDrive/vehicle_reid_itsc2023-main/dataset/VeRi/image_query/0300_c019_00077665_0.jpg
673,0.605294,0306_c003_00016480_0.jpg,/content/drive/MyDrive/vehicle_reid_itsc2023-main/dataset/VeRi/image_query/0306_c003_00016480_0.jpg
675,0.37347,0306_c005_00081190_0.jpg,/content/drive/MyDrive/vehicle_reid_itsc2023-main/dataset/VeRi/image_query/0306_c005_00081190_0.jpg
676,0.705106,0306_c007_00081280_0.jpg,/content/drive/MyDrive/vehicle_reid_itsc2023-main/dataset/VeRi/image_query/0306_c007_00081280_0.jpg
677,0.786793,0306_c008_00014040_0.jpg,/content/drive/MyDrive/vehicle_reid_itsc2023-main/dataset/VeRi/image_query/0306_c008_00014040_0.jpg
678,0.74581,0306_c009_00080910_0.jpg,/content/drive/MyDrive/vehicle_reid_itsc2023-main/dataset/VeRi/image_query/0306_c009_00080910_0.jpg
684,0.654564,0310_c007_00017020_0.jpg,/content/drive/MyDrive/vehicle_reid_itsc2023-main/dataset/VeRi/image_query/0310_c007_00017020_0.jpg
686,0.614082,0310_c009_00016120_0.jpg,/content/drive/MyDrive/vehicle_reid_itsc2023-main/dataset/VeRi/image_query/0310_c009_00016120_0.jpg
689,0.715183,0315_c001_00033425_0.jpg,/content/drive/MyDrive/vehicle_reid_itsc2023-main/dataset/VeRi/image_query/0315_c001_00033425_0.jpg
690,0.577838,0315_c002_00027290_0.jpg,/content/drive/MyDrive/vehicle_reid_itsc2023-main/dataset/VeRi/image_query/0315_c002_00027290_0.jpg
691,0.7526,0315_c003_00000615_0.jpg,/content/drive/MyDrive/vehicle_reid_itsc2023-main/dataset/VeRi/image_query/0315_c003_00000615_0.jpg
692,0.550367,0315_c004_00000570_0.jpg,/content/drive/MyDrive/vehicle_reid_itsc2023-main/dataset/VeRi/image_query/0315_c004_00000570_0.jpg
693,0.592129,0315_c006_00000110_0.jpg,/content/drive/MyDrive/vehicle_reid_itsc2023-main/dataset/VeRi/image_query/0315_c006_00000110_0.jpg
694,0.62185,0315_c008_00000840_0.jpg,/content/drive/MyDrive/vehicle_reid_itsc2023-main/dataset/VeRi/image_query/0315_c008_00000840_0.jpg
695,0.506874,0315_c009_00000755_0.jpg,/content/drive/MyDrive/vehicle_reid_itsc2023-main/dataset/VeRi/image_query/0315_c009_00000755_0.jpg
696,0.763927,0315_c010_00000200_0.jpg,/content/drive/MyDrive/vehicle_reid_itsc2023-main/dataset/VeRi/image_query/0315_c010_00000200_0.jpg
697,0.692637,0315_c011_00000055_0.jpg,/content/drive/MyDrive/vehicle_reid_itsc2023-main/dataset/VeRi/image_query/0315_c011_00000055_0.jpg
698,0.703027,0315_c012_00034005_0.jpg,/content/drive/MyDrive/vehicle_reid_itsc2023-main/dataset/VeRi/image_query/0315_c012_00034005_0.jpg
699,0.670313,0315_c013_00033890_0.jpg,/content/drive/MyDrive/vehicle_reid_itsc2023-main/dataset/VeRi/image_query/0315_c013_00033890_0.jpg
700,0.704243,0315_c014_00035440_0.jpg,/content/drive/MyDrive/vehicle_reid_itsc2023-main/dataset/VeRi/image_query/0315_c014_00035440_0.jpg
701,0.579311,0315_c015_00035180_0.jpg,/content/drive/MyDrive/vehicle_reid_itsc2023-main/dataset/VeRi/image_query/0315_c015_00035180_0.jpg
702,0.751735,0315_c016_00035975_0.jpg,/content/drive/MyDrive/vehicle_reid_itsc2023-main/dataset/VeRi/image_query/0315_c016_00035975_0.jpg
703,0.7091,0315_c017_00034470_0.jpg,/content/drive/MyDrive/vehicle_reid_itsc2023-main/dataset/VeRi/image_query/0315_c017_00034470_0.jpg
704,0.586107,0315_c019_00034675_0.jpg,/content/drive/MyDrive/vehicle_reid_itsc2023-main/dataset/VeRi/image_query/0315_c019_00034675_0.jpg
705,0.703389,0318_c001_00026120_0.jpg,/content/drive/MyDrive/vehicle_reid_itsc2023-main/dataset/VeRi/image_query/0318_c001_00026120_0.jpg
706,0.775878,0318_c002_00004375_0.jpg,/content/drive/MyDrive/vehicle_reid_itsc2023-main/dataset/VeRi/image_query/0318_c002_00004375_0.jpg
707,0.658629,0318_c003_00006125_0.jpg,/content/drive/MyDrive/vehicle_reid_itsc2023-main/dataset/VeRi/image_query/0318_c003_00006125_0.jpg
708,0.704231,0318_c004_00006030_0.jpg,/content/drive/MyDrive/vehicle_reid_itsc2023-main/dataset/VeRi/image_query/0318_c004_00006030_0.jpg
709,0.637841,0318_c005_00006845_1.jpg,/content/drive/MyDrive/vehicle_reid_itsc2023-main/dataset/VeRi/image_query/0318_c005_00006845_1.jpg
710,0.572839,0318_c006_00005475_0.jpg,/content/drive/MyDrive/vehicle_reid_itsc2023-main/dataset/VeRi/image_query/0318_c006_00005475_0.jpg
711,0.410898,0318_c007_00006930_0.jpg,/content/drive/MyDrive/vehicle_reid_itsc2023-main/dataset/VeRi/image_query/0318_c007_00006930_0.jpg
712,0.664856,0318_c008_00006275_0.jpg,/content/drive/MyDrive/vehicle_reid_itsc2023-main/dataset/VeRi/image_query/0318_c008_00006275_0.jpg
713,0.673931,0318_c009_00006170_0.jpg,/content/drive/MyDrive/vehicle_reid_itsc2023-main/dataset/VeRi/image_query/0318_c009_00006170_0.jpg
714,0.796654,0318_c010_00005575_0.jpg,/content/drive/MyDrive/vehicle_reid_itsc2023-main/dataset/VeRi/image_query/0318_c010_00005575_0.jpg
715,0.683877,0318_c011_00005410_0.jpg,/content/drive/MyDrive/vehicle_reid_itsc2023-main/dataset/VeRi/image_query/0318_c011_00005410_0.jpg
716,0.722243,0318_c012_00024150_0.jpg,/content/drive/MyDrive/vehicle_reid_itsc2023-main/dataset/VeRi/image_query/0318_c012_00024150_0.jpg
717,0.719109,0318_c013_00024200_0.jpg,/content/drive/MyDrive/vehicle_reid_itsc2023-main/dataset/VeRi/image_query/0318_c013_00024200_0.jpg
718,0.702494,0318_c014_00022440_0.jpg,/content/drive/MyDrive/vehicle_reid_itsc2023-main/dataset/VeRi/image_query/0318_c014_00022440_0.jpg
720,0.576764,0318_c016_00022080_0.jpg,/content/drive/MyDrive/vehicle_reid_itsc2023-main/dataset/VeRi/image_query/0318_c016_00022080_0.jpg
722,0.745004,0318_c019_00023250_0.jpg,/content/drive/MyDrive/vehicle_reid_itsc2023-main/dataset/VeRi/image_query/0318_c019_00023250_0.jpg
727,0.406192,0319_c007_00087255_0.jpg,/content/drive/MyDrive/vehicle_reid_itsc2023-main/dataset/VeRi/image_query/0319_c007_00087255_0.jpg
748,0.3163,0327_c016_00044175_0.jpg,/content/drive/MyDrive/vehicle_reid_itsc2023-main/dataset/VeRi/image_query/0327_c016_00044175_0.jpg
763,0.323553,0337_c007_00035120_0.jpg,/content/drive/MyDrive/vehicle_reid_itsc2023-main/dataset/VeRi/image_query/0337_c007_00035120_0.jpg
771,0.772354,0337_c015_00075650_0.jpg,/content/drive/MyDrive/vehicle_reid_itsc2023-main/dataset/VeRi/image_query/0337_c015_00075650_0.jpg
775,0.041955,0344_c001_00034120_0.jpg,/content/drive/MyDrive/vehicle_reid_itsc2023-main/dataset/VeRi/image_query/0344_c001_00034120_0.jpg
784,0.339457,0357_c015_00069380_0.jpg,/content/drive/MyDrive/vehicle_reid_itsc2023-main/dataset/VeRi/image_query/0357_c015_00069380_0.jpg
785,0.748437,0361_c001_00035850_0.jpg,/content/drive/MyDrive/vehicle_reid_itsc2023-main/dataset/VeRi/image_query/0361_c001_00035850_0.jpg
788,0.710186,0361_c004_00072820_0.jpg,/content/drive/MyDrive/vehicle_reid_itsc2023-main/dataset/VeRi/image_query/0361_c004_00072820_0.jpg
789,0.679814,0361_c006_00073545_0.jpg,/content/drive/MyDrive/vehicle_reid_itsc2023-main/dataset/VeRi/image_query/0361_c006_00073545_0.jpg
793,0.539705,0361_c011_00073555_0.jpg,/content/drive/MyDrive/vehicle_reid_itsc2023-main/dataset/VeRi/image_query/0361_c011_00073555_0.jpg
794,0.582642,0361_c013_00036340_0.jpg,/content/drive/MyDrive/vehicle_reid_itsc2023-main/dataset/VeRi/image_query/0361_c013_00036340_0.jpg
795,0.486255,0361_c014_00038035_0.jpg,/content/drive/MyDrive/vehicle_reid_itsc2023-main/dataset/VeRi/image_query/0361_c014_00038035_0.jpg
796,0.739285,0361_c015_00037850_0.jpg,/content/drive/MyDrive/vehicle_reid_itsc2023-main/dataset/VeRi/image_query/0361_c015_00037850_0.jpg
798,0.63684,0361_c017_00036915_0.jpg,/content/drive/MyDrive/vehicle_reid_itsc2023-main/dataset/VeRi/image_query/0361_c017_00036915_0.jpg
799,0.701478,0361_c019_00037125_0.jpg,/content/drive/MyDrive/vehicle_reid_itsc2023-main/dataset/VeRi/image_query/0361_c019_00037125_0.jpg
800,0.773917,0365_c001_00026500_0.jpg,/content/drive/MyDrive/vehicle_reid_itsc2023-main/dataset/VeRi/image_query/0365_c001_00026500_0.jpg
805,0.693208,0365_c008_00086170_0.jpg,/content/drive/MyDrive/vehicle_reid_itsc2023-main/dataset/VeRi/image_query/0365_c008_00086170_0.jpg
826,0.625543,0369_c012_00034500_0.jpg,/content/drive/MyDrive/vehicle_reid_itsc2023-main/dataset/VeRi/image_query/0369_c012_00034500_0.jpg
827,0.651143,0369_c013_00000985_0.jpg,/content/drive/MyDrive/vehicle_reid_itsc2023-main/dataset/VeRi/image_query/0369_c013_00000985_0.jpg
828,0.661046,0369_c014_00035910_0.jpg,/content/drive/MyDrive/vehicle_reid_itsc2023-main/dataset/VeRi/image_query/0369_c014_00035910_0.jpg
829,0.79972,0369_c015_00035755_0.jpg,/content/drive/MyDrive/vehicle_reid_itsc2023-main/dataset/VeRi/image_query/0369_c015_00035755_0.jpg
830,0.69908,0369_c016_00037090_0.jpg,/content/drive/MyDrive/vehicle_reid_itsc2023-main/dataset/VeRi/image_query/0369_c016_00037090_0.jpg
832,0.653635,0369_c019_00000190_0.jpg,/content/drive/MyDrive/vehicle_reid_itsc2023-main/dataset/VeRi/image_query/0369_c019_00000190_0.jpg
833,0.750386,0371_c014_00063115_0.jpg,/content/drive/MyDrive/vehicle_reid_itsc2023-main/dataset/VeRi/image_query/0371_c014_00063115_0.jpg
834,0.790305,0371_c015_00063095_0.jpg,/content/drive/MyDrive/vehicle_reid_itsc2023-main/dataset/VeRi/image_query/0371_c015_00063095_0.jpg
838,0.36677,0373_c003_00075995_0.jpg,/content/drive/MyDrive/vehicle_reid_itsc2023-main/dataset/VeRi/image_query/0373_c003_00075995_0.jpg
839,0.321375,0373_c004_00075885_0.jpg,/content/drive/MyDrive/vehicle_reid_itsc2023-main/dataset/VeRi/image_query/0373_c004_00075885_0.jpg
840,0.251151,0373_c006_00076550_1.jpg,/content/drive/MyDrive/vehicle_reid_itsc2023-main/dataset/VeRi/image_query/0373_c006_00076550_1.jpg
841,0.26934,0373_c010_00076565_0.jpg,/content/drive/MyDrive/vehicle_reid_itsc2023-main/dataset/VeRi/image_query/0373_c010_00076565_0.jpg
842,0.261796,0373_c011_00076565_0.jpg,/content/drive/MyDrive/vehicle_reid_itsc2023-main/dataset/VeRi/image_query/0373_c011_00076565_0.jpg
855,0.784769,0380_c015_00067505_0.jpg,/content/drive/MyDrive/vehicle_reid_itsc2023-main/dataset/VeRi/image_query/0380_c015_00067505_0.jpg
864,0.231785,0388_c003_00070995_0.jpg,/content/drive/MyDrive/vehicle_reid_itsc2023-main/dataset/VeRi/image_query/0388_c003_00070995_0.jpg
865,0.733508,0388_c005_00071590_0.jpg,/content/drive/MyDrive/vehicle_reid_itsc2023-main/dataset/VeRi/image_query/0388_c005_00071590_0.jpg
866,0.208518,0388_c007_00071705_0.jpg,/content/drive/MyDrive/vehicle_reid_itsc2023-main/dataset/VeRi/image_query/0388_c007_00071705_0.jpg
867,0.779616,0388_c008_00071180_0.jpg,/content/drive/MyDrive/vehicle_reid_itsc2023-main/dataset/VeRi/image_query/0388_c008_00071180_0.jpg
868,0.792295,0388_c009_00071140_0.jpg,/content/drive/MyDrive/vehicle_reid_itsc2023-main/dataset/VeRi/image_query/0388_c009_00071140_0.jpg
869,0.589877,0391_c001_00033370_0.jpg,/content/drive/MyDrive/vehicle_reid_itsc2023-main/dataset/VeRi/image_query/0391_c001_00033370_0.jpg
875,0.558412,0391_c016_00036770_0.jpg,/content/drive/MyDrive/vehicle_reid_itsc2023-main/dataset/VeRi/image_query/0391_c016_00036770_0.jpg
879,0.717222,0392_c013_00027650_0.jpg,/content/drive/MyDrive/vehicle_reid_itsc2023-main/dataset/VeRi/image_query/0392_c013_00027650_0.jpg
882,0.748078,0392_c016_00029765_0.jpg,/content/drive/MyDrive/vehicle_reid_itsc2023-main/dataset/VeRi/image_query/0392_c016_00029765_0.jpg
895,0.685702,0402_c003_00056010_0.jpg,/content/drive/MyDrive/vehicle_reid_itsc2023-main/dataset/VeRi/image_query/0402_c003_00056010_0.jpg
898,0.716389,0402_c010_00055505_0.jpg,/content/drive/MyDrive/vehicle_reid_itsc2023-main/dataset/VeRi/image_query/0402_c010_00055505_0.jpg
907,0.718354,0404_c001_00017345_0.jpg,/content/drive/MyDrive/vehicle_reid_itsc2023-main/dataset/VeRi/image_query/0404_c001_00017345_0.jpg
908,0.713603,0404_c012_00015775_0.jpg,/content/drive/MyDrive/vehicle_reid_itsc2023-main/dataset/VeRi/image_query/0404_c012_00015775_0.jpg
909,0.549166,0404_c013_00015910_0.jpg,/content/drive/MyDrive/vehicle_reid_itsc2023-main/dataset/VeRi/image_query/0404_c013_00015910_0.jpg
910,0.644415,0404_c014_00013675_0.jpg,/content/drive/MyDrive/vehicle_reid_itsc2023-main/dataset/VeRi/image_query/0404_c014_00013675_0.jpg
911,0.25274,0404_c015_00043655_0.jpg,/content/drive/MyDrive/vehicle_reid_itsc2023-main/dataset/VeRi/image_query/0404_c015_00043655_0.jpg
912,0.743954,0404_c016_00013245_0.jpg,/content/drive/MyDrive/vehicle_reid_itsc2023-main/dataset/VeRi/image_query/0404_c016_00013245_0.jpg
913,0.69075,0404_c017_00015180_0.jpg,/content/drive/MyDrive/vehicle_reid_itsc2023-main/dataset/VeRi/image_query/0404_c017_00015180_0.jpg
914,0.539897,0404_c019_00014900_0.jpg,/content/drive/MyDrive/vehicle_reid_itsc2023-main/dataset/VeRi/image_query/0404_c019_00014900_0.jpg
915,0.723017,0405_c001_00007305_0.jpg,/content/drive/MyDrive/vehicle_reid_itsc2023-main/dataset/VeRi/image_query/0405_c001_00007305_0.jpg
917,0.729652,0405_c003_00046195_0.jpg,/content/drive/MyDrive/vehicle_reid_itsc2023-main/dataset/VeRi/image_query/0405_c003_00046195_0.jpg
919,0.794836,0405_c006_00045615_0.jpg,/content/drive/MyDrive/vehicle_reid_itsc2023-main/dataset/VeRi/image_query/0405_c006_00045615_0.jpg
920,0.774564,0405_c010_00045750_1.jpg,/content/drive/MyDrive/vehicle_reid_itsc2023-main/dataset/VeRi/image_query/0405_c010_00045750_1.jpg
921,0.797304,0405_c011_00045595_0.jpg,/content/drive/MyDrive/vehicle_reid_itsc2023-main/dataset/VeRi/image_query/0405_c011_00045595_0.jpg
924,0.76553,0405_c014_00009965_0.jpg,/content/drive/MyDrive/vehicle_reid_itsc2023-main/dataset/VeRi/image_query/0405_c014_00009965_0.jpg
926,0.78272,0405_c016_00010335_0.jpg,/content/drive/MyDrive/vehicle_reid_itsc2023-main/dataset/VeRi/image_query/0405_c016_00010335_0.jpg
928,0.79911,0405_c019_00064340_0.jpg,/content/drive/MyDrive/vehicle_reid_itsc2023-main/dataset/VeRi/image_query/0405_c019_00064340_0.jpg
933,0.794855,0416_c015_00022250_0.jpg,/content/drive/MyDrive/vehicle_reid_itsc2023-main/dataset/VeRi/image_query/0416_c015_00022250_0.jpg
938,0.486036,0417_c004_00088660_0.jpg,/content/drive/MyDrive/vehicle_reid_itsc2023-main/dataset/VeRi/image_query/0417_c004_00088660_0.jpg
940,0.320476,0418_c012_00006110_0.jpg,/content/drive/MyDrive/vehicle_reid_itsc2023-main/dataset/VeRi/image_query/0418_c012_00006110_0.jpg
941,0.336807,0418_c013_00006005_0.jpg,/content/drive/MyDrive/vehicle_reid_itsc2023-main/dataset/VeRi/image_query/0418_c013_00006005_0.jpg
993,0.541596,0467_c003_00057085_0.jpg,/content/drive/MyDrive/vehicle_reid_itsc2023-main/dataset/VeRi/image_query/0467_c003_00057085_0.jpg
994,0.536388,0467_c005_00057805_0.jpg,/content/drive/MyDrive/vehicle_reid_itsc2023-main/dataset/VeRi/image_query/0467_c005_00057805_0.jpg
995,0.222516,0467_c007_00057885_0.jpg,/content/drive/MyDrive/vehicle_reid_itsc2023-main/dataset/VeRi/image_query/0467_c007_00057885_0.jpg
996,0.567369,0467_c008_00057345_0.jpg,/content/drive/MyDrive/vehicle_reid_itsc2023-main/dataset/VeRi/image_query/0467_c008_00057345_0.jpg
997,0.591304,0467_c009_00057295_0.jpg,/content/drive/MyDrive/vehicle_reid_itsc2023-main/dataset/VeRi/image_query/0467_c009_00057295_0.jpg
998,0.606401,0467_c014_00014430_0.jpg,/content/drive/MyDrive/vehicle_reid_itsc2023-main/dataset/VeRi/image_query/0467_c014_00014430_0.jpg
999,0.550971,0467_c015_00014570_0.jpg,/content/drive/MyDrive/vehicle_reid_itsc2023-main/dataset/VeRi/image_query/0467_c015_00014570_0.jpg
1000,0.748834,0467_c016_00011505_0.jpg,/content/drive/MyDrive/vehicle_reid_itsc2023-main/dataset/VeRi/image_query/0467_c016_00011505_0.jpg
1001,0.558544,0467_c017_00015665_0.jpg,/content/drive/MyDrive/vehicle_reid_itsc2023-main/dataset/VeRi/image_query/0467_c017_00015665_0.jpg
1002,0.645848,0467_c019_00015285_0.jpg,/content/drive/MyDrive/vehicle_reid_itsc2023-main/dataset/VeRi/image_query/0467_c019_00015285_0.jpg
1003,0.187052,0473_c001_00005555_0.jpg,/content/drive/MyDrive/vehicle_reid_itsc2023-main/dataset/VeRi/image_query/0473_c001_00005555_0.jpg
1004,0.505084,0473_c003_00030835_1.jpg,/content/drive/MyDrive/vehicle_reid_itsc2023-main/dataset/VeRi/image_query/0473_c003_00030835_1.jpg
1005,0.480904,0473_c004_00030820_0.jpg,/content/drive/MyDrive/vehicle_reid_itsc2023-main/dataset/VeRi/image_query/0473_c004_00030820_0.jpg
1006,0.413604,0473_c006_00030395_0.jpg,/content/drive/MyDrive/vehicle_reid_itsc2023-main/dataset/VeRi/image_query/0473_c006_00030395_0.jpg
1007,0.624269,0473_c008_00031000_0.jpg,/content/drive/MyDrive/vehicle_reid_itsc2023-main/dataset/VeRi/image_query/0473_c008_00031000_0.jpg
1008,0.534178,0473_c009_00030970_0.jpg,/content/drive/MyDrive/vehicle_reid_itsc2023-main/dataset/VeRi/image_query/0473_c009_00030970_0.jpg
1009,0.651959,0473_c010_00030540_0.jpg,/content/drive/MyDrive/vehicle_reid_itsc2023-main/dataset/VeRi/image_query/0473_c010_00030540_0.jpg
1010,0.421554,0473_c011_00030345_0.jpg,/content/drive/MyDrive/vehicle_reid_itsc2023-main/dataset/VeRi/image_query/0473_c011_00030345_0.jpg
1011,0.704502,0473_c012_00005170_0.jpg,/content/drive/MyDrive/vehicle_reid_itsc2023-main/dataset/VeRi/image_query/0473_c012_00005170_0.jpg
1013,0.729859,0473_c017_00004770_0.jpg,/content/drive/MyDrive/vehicle_reid_itsc2023-main/dataset/VeRi/image_query/0473_c017_00004770_0.jpg
1014,0.270656,0473_c019_00004560_0.jpg,/content/drive/MyDrive/vehicle_reid_itsc2023-main/dataset/VeRi/image_query/0473_c019_00004560_0.jpg
1029,0.314745,0477_c005_00060760_1.jpg,/content/drive/MyDrive/vehicle_reid_itsc2023-main/dataset/VeRi/image_query/0477_c005_00060760_1.jpg
1031,0.13479,0477_c007_00060835_0.jpg,/content/drive/MyDrive/vehicle_reid_itsc2023-main/dataset/VeRi/image_query/0477_c007_00060835_0.jpg
1032,0.473354,0477_c008_00060365_0.jpg,/content/drive/MyDrive/vehicle_reid_itsc2023-main/dataset/VeRi/image_query/0477_c008_00060365_0.jpg
1036,0.70835,0477_c012_00019305_0.jpg,/content/drive/MyDrive/vehicle_reid_itsc2023-main/dataset/VeRi/image_query/0477_c012_00019305_0.jpg
1042,0.675936,0480_c001_00022180_0.jpg,/content/drive/MyDrive/vehicle_reid_itsc2023-main/dataset/VeRi/image_query/0480_c001_00022180_0.jpg
1043,0.560115,0480_c012_00020345_0.jpg,/content/drive/MyDrive/vehicle_reid_itsc2023-main/dataset/VeRi/image_query/0480_c012_00020345_0.jpg
1044,0.61239,0480_c013_00020385_0.jpg,/content/drive/MyDrive/vehicle_reid_itsc2023-main/dataset/VeRi/image_query/0480_c013_00020385_0.jpg
1045,0.799586,0480_c014_00018625_0.jpg,/content/drive/MyDrive/vehicle_reid_itsc2023-main/dataset/VeRi/image_query/0480_c014_00018625_0.jpg
1046,0.636907,0480_c015_00018640_0.jpg,/content/drive/MyDrive/vehicle_reid_itsc2023-main/dataset/VeRi/image_query/0480_c015_00018640_0.jpg
1047,0.519138,0480_c016_00018315_0.jpg,/content/drive/MyDrive/vehicle_reid_itsc2023-main/dataset/VeRi/image_query/0480_c016_00018315_0.jpg
1048,0.614057,0480_c017_00019710_0.jpg,/content/drive/MyDrive/vehicle_reid_itsc2023-main/dataset/VeRi/image_query/0480_c017_00019710_0.jpg
1049,0.564529,0480_c019_00019365_0.jpg,/content/drive/MyDrive/vehicle_reid_itsc2023-main/dataset/VeRi/image_query/0480_c019_00019365_0.jpg
1050,0.607738,0482_c001_00045870_0.jpg,/content/drive/MyDrive/vehicle_reid_itsc2023-main/dataset/VeRi/image_query/0482_c001_00045870_0.jpg
1051,0.691107,0482_c002_00049855_0.jpg,/content/drive/MyDrive/vehicle_reid_itsc2023-main/dataset/VeRi/image_query/0482_c002_00049855_0.jpg
1052,0.745879,0482_c003_00053940_1.jpg,/content/drive/MyDrive/vehicle_reid_itsc2023-main/dataset/VeRi/image_query/0482_c003_00053940_1.jpg
1053,0.638962,0482_c004_00053910_0.jpg,/content/drive/MyDrive/vehicle_reid_itsc2023-main/dataset/VeRi/image_query/0482_c004_00053910_0.jpg
1054,0.79142,0482_c005_00054705_0.jpg,/content/drive/MyDrive/vehicle_reid_itsc2023-main/dataset/VeRi/image_query/0482_c005_00054705_0.jpg
1055,0.510619,0482_c006_00052845_0.jpg,/content/drive/MyDrive/vehicle_reid_itsc2023-main/dataset/VeRi/image_query/0482_c006_00052845_0.jpg
1056,0.785824,0482_c007_00054845_0.jpg,/content/drive/MyDrive/vehicle_reid_itsc2023-main/dataset/VeRi/image_query/0482_c007_00054845_0.jpg
1057,0.707237,0482_c008_00054190_0.jpg,/content/drive/MyDrive/vehicle_reid_itsc2023-main/dataset/VeRi/image_query/0482_c008_00054190_0.jpg
1058,0.793862,0482_c009_00054140_0.jpg,/content/drive/MyDrive/vehicle_reid_itsc2023-main/dataset/VeRi/image_query/0482_c009_00054140_0.jpg
1059,0.727281,0482_c010_00053005_0.jpg,/content/drive/MyDrive/vehicle_reid_itsc2023-main/dataset/VeRi/image_query/0482_c010_00053005_0.jpg
1060,0.49007,0482_c011_00052840_0.jpg,/content/drive/MyDrive/vehicle_reid_itsc2023-main/dataset/VeRi/image_query/0482_c011_00052840_0.jpg
1061,0.688739,0485_c003_00050580_1.jpg,/content/drive/MyDrive/vehicle_reid_itsc2023-main/dataset/VeRi/image_query/0485_c003_00050580_1.jpg
1062,0.168316,0485_c004_00050570_0.jpg,/content/drive/MyDrive/vehicle_reid_itsc2023-main/dataset/VeRi/image_query/0485_c004_00050570_0.jpg
1063,0.656836,0485_c005_00051180_1.jpg,/content/drive/MyDrive/vehicle_reid_itsc2023-main/dataset/VeRi/image_query/0485_c005_00051180_1.jpg
1064,0.60338,0485_c008_00050780_0.jpg,/content/drive/MyDrive/vehicle_reid_itsc2023-main/dataset/VeRi/image_query/0485_c008_00050780_0.jpg
1065,0.482407,0485_c009_00050760_0.jpg,/content/drive/MyDrive/vehicle_reid_itsc2023-main/dataset/VeRi/image_query/0485_c009_00050760_0.jpg
1071,0.780078,0486_c006_00038990_0.jpg,/content/drive/MyDrive/vehicle_reid_itsc2023-main/dataset/VeRi/image_query/0486_c006_00038990_0.jpg
1072,0.694048,0486_c007_00040755_0.jpg,/content/drive/MyDrive/vehicle_reid_itsc2023-main/dataset/VeRi/image_query/0486_c007_00040755_0.jpg
1073,0.612658,0486_c008_00040095_0.jpg,/content/drive/MyDrive/vehicle_reid_itsc2023-main/dataset/VeRi/image_query/0486_c008_00040095_0.jpg
1082,0.684212,0489_c004_00084680_0.jpg,/content/drive/MyDrive/vehicle_reid_itsc2023-main/dataset/VeRi/image_query/0489_c004_00084680_0.jpg
1084,0.766305,0489_c006_00076970_0.jpg,/content/drive/MyDrive/vehicle_reid_itsc2023-main/dataset/VeRi/image_query/0489_c006_00076970_0.jpg
1089,0.753063,0489_c011_00076975_0.jpg,/content/drive/MyDrive/vehicle_reid_itsc2023-main/dataset/VeRi/image_query/0489_c011_00076975_0.jpg
1104,0.547059,0510_c002_00031940_1.jpg,/content/drive/MyDrive/vehicle_reid_itsc2023-main/dataset/VeRi/image_query/0510_c002_00031940_1.jpg
1105,0.377489,0510_c003_00030245_0.jpg,/content/drive/MyDrive/vehicle_reid_itsc2023-main/dataset/VeRi/image_query/0510_c003_00030245_0.jpg
1106,0.369182,0510_c004_00030145_0.jpg,/content/drive/MyDrive/vehicle_reid_itsc2023-main/dataset/VeRi/image_query/0510_c004_00030145_0.jpg
1107,0.522837,0510_c006_00031090_1.jpg,/content/drive/MyDrive/vehicle_reid_itsc2023-main/dataset/VeRi/image_query/0510_c006_00031090_1.jpg
1108,0.700668,0510_c008_00029985_0.jpg,/content/drive/MyDrive/vehicle_reid_itsc2023-main/dataset/VeRi/image_query/0510_c008_00029985_0.jpg
1109,0.594151,0510_c009_00030045_0.jpg,/content/drive/MyDrive/vehicle_reid_itsc2023-main/dataset/VeRi/image_query/0510_c009_00030045_0.jpg
1110,0.498068,0510_c010_00030855_1.jpg,/content/drive/MyDrive/vehicle_reid_itsc2023-main/dataset/VeRi/image_query/0510_c010_00030855_1.jpg
1111,0.499889,0510_c011_00031060_0.jpg,/content/drive/MyDrive/vehicle_reid_itsc2023-main/dataset/VeRi/image_query/0510_c011_00031060_0.jpg
1129,0.664012,0541_c001_00055075_0.jpg,/content/drive/MyDrive/vehicle_reid_itsc2023-main/dataset/VeRi/image_query/0541_c001_00055075_0.jpg
1130,0.575779,0541_c002_00053275_0.jpg,/content/drive/MyDrive/vehicle_reid_itsc2023-main/dataset/VeRi/image_query/0541_c002_00053275_0.jpg
1131,0.709492,0541_c003_00051305_0.jpg,/content/drive/MyDrive/vehicle_reid_itsc2023-main/dataset/VeRi/image_query/0541_c003_00051305_0.jpg
1132,0.629129,0541_c004_00051185_0.jpg,/content/drive/MyDrive/vehicle_reid_itsc2023-main/dataset/VeRi/image_query/0541_c004_00051185_0.jpg
1133,0.606363,0541_c006_00051895_0.jpg,/content/drive/MyDrive/vehicle_reid_itsc2023-main/dataset/VeRi/image_query/0541_c006_00051895_0.jpg
1134,0.706059,0541_c008_00051050_0.jpg,/content/drive/MyDrive/vehicle_reid_itsc2023-main/dataset/VeRi/image_query/0541_c008_00051050_0.jpg
1135,0.692403,0541_c009_00051135_0.jpg,/content/drive/MyDrive/vehicle_reid_itsc2023-main/dataset/VeRi/image_query/0541_c009_00051135_0.jpg
1136,0.680918,0541_c010_00051880_0.jpg,/content/drive/MyDrive/vehicle_reid_itsc2023-main/dataset/VeRi/image_query/0541_c010_00051880_0.jpg
1137,0.616984,0541_c011_00051890_0.jpg,/content/drive/MyDrive/vehicle_reid_itsc2023-main/dataset/VeRi/image_query/0541_c011_00051890_0.jpg
1138,0.75328,0541_c013_00055810_0.jpg,/content/drive/MyDrive/vehicle_reid_itsc2023-main/dataset/VeRi/image_query/0541_c013_00055810_0.jpg
1162,0.473092,0546_c007_00021155_0.jpg,/content/drive/MyDrive/vehicle_reid_itsc2023-main/dataset/VeRi/image_query/0546_c007_00021155_0.jpg
1179,0.704011,0554_c009_00020995_0.jpg,/content/drive/MyDrive/vehicle_reid_itsc2023-main/dataset/VeRi/image_query/0554_c009_00020995_0.jpg
1200,0.631694,0570_c009_00069665_0.jpg,/content/drive/MyDrive/vehicle_reid_itsc2023-main/dataset/VeRi/image_query/0570_c009_00069665_0.jpg
1203,0.74167,0576_c013_00063005_0.jpg,/content/drive/MyDrive/vehicle_reid_itsc2023-main/dataset/VeRi/image_query/0576_c013_00063005_0.jpg
1209,0.798019,0581_c003_00087825_0.jpg,/content/drive/MyDrive/vehicle_reid_itsc2023-main/dataset/VeRi/image_query/0581_c003_00087825_0.jpg
1210,0.272224,0581_c004_00087760_0.jpg,/content/drive/MyDrive/vehicle_reid_itsc2023-main/dataset/VeRi/image_query/0581_c004_00087760_0.jpg
1211,0.640925,0581_c008_00087505_0.jpg,/content/drive/MyDrive/vehicle_reid_itsc2023-main/dataset/VeRi/image_query/0581_c008_00087505_0.jpg
1212,0.781071,0581_c009_00087610_0.jpg,/content/drive/MyDrive/vehicle_reid_itsc2023-main/dataset/VeRi/image_query/0581_c009_00087610_0.jpg
1213,0.785279,0582_c001_00026170_0.jpg,/content/drive/MyDrive/vehicle_reid_itsc2023-main/dataset/VeRi/image_query/0582_c001_00026170_0.jpg
1215,0.590779,0582_c003_00030300_0.jpg,/content/drive/MyDrive/vehicle_reid_itsc2023-main/dataset/VeRi/image_query/0582_c003_00030300_0.jpg
1217,0.659086,0582_c006_00028835_0.jpg,/content/drive/MyDrive/vehicle_reid_itsc2023-main/dataset/VeRi/image_query/0582_c006_00028835_0.jpg
1218,0.761144,0582_c010_00028915_0.jpg,/content/drive/MyDrive/vehicle_reid_itsc2023-main/dataset/VeRi/image_query/0582_c010_00028915_0.jpg
1219,0.644101,0582_c011_00028785_0.jpg,/content/drive/MyDrive/vehicle_reid_itsc2023-main/dataset/VeRi/image_query/0582_c011_00028785_0.jpg
1220,0.796238,0582_c012_00024790_0.jpg,/content/drive/MyDrive/vehicle_reid_itsc2023-main/dataset/VeRi/image_query/0582_c012_00024790_0.jpg
1221,0.795449,0582_c013_00024830_0.jpg,/content/drive/MyDrive/vehicle_reid_itsc2023-main/dataset/VeRi/image_query/0582_c013_00024830_0.jpg
1222,0.766101,0582_c014_00023560_0.jpg,/content/drive/MyDrive/vehicle_reid_itsc2023-main/dataset/VeRi/image_query/0582_c014_00023560_0.jpg
1223,0.754284,0582_c015_00023550_0.jpg,/content/drive/MyDrive/vehicle_reid_itsc2023-main/dataset/VeRi/image_query/0582_c015_00023550_0.jpg
1224,0.755933,0582_c016_00023330_0.jpg,/content/drive/MyDrive/vehicle_reid_itsc2023-main/dataset/VeRi/image_query/0582_c016_00023330_0.jpg
1226,0.790681,0582_c019_00023995_0.jpg,/content/drive/MyDrive/vehicle_reid_itsc2023-main/dataset/VeRi/image_query/0582_c019_00023995_0.jpg
1229,0.747147,0584_c013_00060505_0.jpg,/content/drive/MyDrive/vehicle_reid_itsc2023-main/dataset/VeRi/image_query/0584_c013_00060505_0.jpg
1231,0.725657,0584_c015_00061925_0.jpg,/content/drive/MyDrive/vehicle_reid_itsc2023-main/dataset/VeRi/image_query/0584_c015_00061925_0.jpg
1232,0.778056,0584_c016_00062400_0.jpg,/content/drive/MyDrive/vehicle_reid_itsc2023-main/dataset/VeRi/image_query/0584_c016_00062400_0.jpg
1234,0.711043,0584_c019_00061385_0.jpg,/content/drive/MyDrive/vehicle_reid_itsc2023-main/dataset/VeRi/image_query/0584_c019_00061385_0.jpg
1239,0.791128,0585_c006_00007720_0.jpg,/content/drive/MyDrive/vehicle_reid_itsc2023-main/dataset/VeRi/image_query/0585_c006_00007720_0.jpg
1244,0.751486,0585_c012_00004420_0.jpg,/content/drive/MyDrive/vehicle_reid_itsc2023-main/dataset/VeRi/image_query/0585_c012_00004420_0.jpg
1251,0.637948,0586_c001_00048525_1.jpg,/content/drive/MyDrive/vehicle_reid_itsc2023-main/dataset/VeRi/image_query/0586_c001_00048525_1.jpg
1252,0.590262,0586_c002_00069790_0.jpg,/content/drive/MyDrive/vehicle_reid_itsc2023-main/dataset/VeRi/image_query/0586_c002_00069790_0.jpg
1253,0.680823,0586_c012_00066775_0.jpg,/content/drive/MyDrive/vehicle_reid_itsc2023-main/dataset/VeRi/image_query/0586_c012_00066775_0.jpg
1254,0.241371,0586_c013_00066485_0.jpg,/content/drive/MyDrive/vehicle_reid_itsc2023-main/dataset/VeRi/image_query/0586_c013_00066485_0.jpg
1255,0.56293,0588_c001_00060430_0.jpg,/content/drive/MyDrive/vehicle_reid_itsc2023-main/dataset/VeRi/image_query/0588_c001_00060430_0.jpg
1256,0.5147,0588_c012_00061010_0.jpg,/content/drive/MyDrive/vehicle_reid_itsc2023-main/dataset/VeRi/image_query/0588_c012_00061010_0.jpg
1257,0.465577,0588_c013_00060870_0.jpg,/content/drive/MyDrive/vehicle_reid_itsc2023-main/dataset/VeRi/image_query/0588_c013_00060870_0.jpg
1258,0.567711,0588_c014_00062350_0.jpg,/content/drive/MyDrive/vehicle_reid_itsc2023-main/dataset/VeRi/image_query/0588_c014_00062350_0.jpg
1259,0.585745,0588_c015_00062195_0.jpg,/content/drive/MyDrive/vehicle_reid_itsc2023-main/dataset/VeRi/image_query/0588_c015_00062195_0.jpg
1261,0.615257,0588_c017_00061485_0.jpg,/content/drive/MyDrive/vehicle_reid_itsc2023-main/dataset/VeRi/image_query/0588_c017_00061485_0.jpg
1262,0.563781,0588_c019_00061640_0.jpg,/content/drive/MyDrive/vehicle_reid_itsc2023-main/dataset/VeRi/image_query/0588_c019_00061640_0.jpg
1263,0.504923,0590_c001_00046520_0.jpg,/content/drive/MyDrive/vehicle_reid_itsc2023-main/dataset/VeRi/image_query/0590_c001_00046520_0.jpg
1264,0.461287,0590_c012_00046980_0.jpg,/content/drive/MyDrive/vehicle_reid_itsc2023-main/dataset/VeRi/image_query/0590_c012_00046980_0.jpg
1265,0.675243,0590_c013_00046865_0.jpg,/content/drive/MyDrive/vehicle_reid_itsc2023-main/dataset/VeRi/image_query/0590_c013_00046865_0.jpg
1266,0.459072,0590_c014_00048785_0.jpg,/content/drive/MyDrive/vehicle_reid_itsc2023-main/dataset/VeRi/image_query/0590_c014_00048785_0.jpg
1267,0.745398,0590_c015_00048575_0.jpg,/content/drive/MyDrive/vehicle_reid_itsc2023-main/dataset/VeRi/image_query/0590_c015_00048575_0.jpg
1268,0.558258,0590_c016_00049195_0.jpg,/content/drive/MyDrive/vehicle_reid_itsc2023-main/dataset/VeRi/image_query/0590_c016_00049195_0.jpg
1269,0.44087,0590_c017_00047680_1.jpg,/content/drive/MyDrive/vehicle_reid_itsc2023-main/dataset/VeRi/image_query/0590_c017_00047680_1.jpg
1270,0.488773,0590_c019_00047955_0.jpg,/content/drive/MyDrive/vehicle_reid_itsc2023-main/dataset/VeRi/image_query/0590_c019_00047955_0.jpg
1273,0.616008,0593_c016_00042450_0.jpg,/content/drive/MyDrive/vehicle_reid_itsc2023-main/dataset/VeRi/image_query/0593_c016_00042450_0.jpg
1276,0.332376,0597_c003_00003195_0.jpg,/content/drive/MyDrive/vehicle_reid_itsc2023-main/dataset/VeRi/image_query/0597_c003_00003195_0.jpg
1277,0.54836,0597_c004_00003305_0.jpg,/content/drive/MyDrive/vehicle_reid_itsc2023-main/dataset/VeRi/image_query/0597_c004_00003305_0.jpg
1279,0.720348,0597_c007_00066300_0.jpg,/content/drive/MyDrive/vehicle_reid_itsc2023-main/dataset/VeRi/image_query/0597_c007_00066300_0.jpg
1280,0.443786,0597_c008_00065515_0.jpg,/content/drive/MyDrive/vehicle_reid_itsc2023-main/dataset/VeRi/image_query/0597_c008_00065515_0.jpg
1281,0.669799,0597_c009_00065420_0.jpg,/content/drive/MyDrive/vehicle_reid_itsc2023-main/dataset/VeRi/image_query/0597_c009_00065420_0.jpg
1283,0.696502,0598_c002_00045760_0.jpg,/content/drive/MyDrive/vehicle_reid_itsc2023-main/dataset/VeRi/image_query/0598_c002_00045760_0.jpg
1293,0.714528,0598_c014_00067845_0.jpg,/content/drive/MyDrive/vehicle_reid_itsc2023-main/dataset/VeRi/image_query/0598_c014_00067845_0.jpg
1294,0.770277,0598_c015_00067680_0.jpg,/content/drive/MyDrive/vehicle_reid_itsc2023-main/dataset/VeRi/image_query/0598_c015_00067680_0.jpg
1298,0.411708,0602_c001_00024040_0.jpg,/content/drive/MyDrive/vehicle_reid_itsc2023-main/dataset/VeRi/image_query/0602_c001_00024040_0.jpg
1299,0.696539,0602_c002_00024415_0.jpg,/content/drive/MyDrive/vehicle_reid_itsc2023-main/dataset/VeRi/image_query/0602_c002_00024415_0.jpg
1300,0.715468,0602_c003_00027235_1.jpg,/content/drive/MyDrive/vehicle_reid_itsc2023-main/dataset/VeRi/image_query/0602_c003_00027235_1.jpg
1301,0.486842,0602_c004_00027200_1.jpg,/content/drive/MyDrive/vehicle_reid_itsc2023-main/dataset/VeRi/image_query/0602_c004_00027200_1.jpg
1302,0.747256,0602_c005_00028175_2.jpg,/content/drive/MyDrive/vehicle_reid_itsc2023-main/dataset/VeRi/image_query/0602_c005_00028175_2.jpg
1303,0.454749,0602_c006_00026435_0.jpg,/content/drive/MyDrive/vehicle_reid_itsc2023-main/dataset/VeRi/image_query/0602_c006_00026435_0.jpg
1304,0.402939,0602_c007_00028295_0.jpg,/content/drive/MyDrive/vehicle_reid_itsc2023-main/dataset/VeRi/image_query/0602_c007_00028295_0.jpg
1305,0.699745,0602_c008_00027550_0.jpg,/content/drive/MyDrive/vehicle_reid_itsc2023-main/dataset/VeRi/image_query/0602_c008_00027550_0.jpg
1306,0.74323,0602_c009_00027445_0.jpg,/content/drive/MyDrive/vehicle_reid_itsc2023-main/dataset/VeRi/image_query/0602_c009_00027445_0.jpg
1307,0.688078,0602_c010_00026535_0.jpg,/content/drive/MyDrive/vehicle_reid_itsc2023-main/dataset/VeRi/image_query/0602_c010_00026535_0.jpg
1308,0.518716,0602_c011_00026385_0.jpg,/content/drive/MyDrive/vehicle_reid_itsc2023-main/dataset/VeRi/image_query/0602_c011_00026385_0.jpg
1309,0.619012,0602_c012_00023580_0.jpg,/content/drive/MyDrive/vehicle_reid_itsc2023-main/dataset/VeRi/image_query/0602_c012_00023580_0.jpg
1310,0.766421,0602_c013_00023625_0.jpg,/content/drive/MyDrive/vehicle_reid_itsc2023-main/dataset/VeRi/image_query/0602_c013_00023625_0.jpg
1311,0.732544,0602_c014_00033010_0.jpg,/content/drive/MyDrive/vehicle_reid_itsc2023-main/dataset/VeRi/image_query/0602_c014_00033010_0.jpg
1313,0.740827,0602_c016_00021875_0.jpg,/content/drive/MyDrive/vehicle_reid_itsc2023-main/dataset/VeRi/image_query/0602_c016_00021875_0.jpg
1315,0.781884,0602_c019_00022775_1.jpg,/content/drive/MyDrive/vehicle_reid_itsc2023-main/dataset/VeRi/image_query/0602_c019_00022775_1.jpg
1317,0.706858,0606_c015_00087330_0.jpg,/content/drive/MyDrive/vehicle_reid_itsc2023-main/dataset/VeRi/image_query/0606_c015_00087330_0.jpg
1320,0.69333,0606_c018_00089190_0.jpg,/content/drive/MyDrive/vehicle_reid_itsc2023-main/dataset/VeRi/image_query/0606_c018_00089190_0.jpg
1321,0.779655,0609_c001_00014095_0.jpg,/content/drive/MyDrive/vehicle_reid_itsc2023-main/dataset/VeRi/image_query/0609_c001_00014095_0.jpg
1322,0.639157,0609_c002_00043530_0.jpg,/content/drive/MyDrive/vehicle_reid_itsc2023-main/dataset/VeRi/image_query/0609_c002_00043530_0.jpg
1323,0.586325,0609_c003_00011260_0.jpg,/content/drive/MyDrive/vehicle_reid_itsc2023-main/dataset/VeRi/image_query/0609_c003_00011260_0.jpg
1326,0.626727,0609_c008_00042000_1.jpg,/content/drive/MyDrive/vehicle_reid_itsc2023-main/dataset/VeRi/image_query/0609_c008_00042000_1.jpg
1327,0.608417,0609_c009_00042160_1.jpg,/content/drive/MyDrive/vehicle_reid_itsc2023-main/dataset/VeRi/image_query/0609_c009_00042160_1.jpg
1328,0.694609,0609_c010_00042940_0.jpg,/content/drive/MyDrive/vehicle_reid_itsc2023-main/dataset/VeRi/image_query/0609_c010_00042940_0.jpg
1330,0.635748,0609_c012_00014500_0.jpg,/content/drive/MyDrive/vehicle_reid_itsc2023-main/dataset/VeRi/image_query/0609_c012_00014500_0.jpg
1331,0.66995,0609_c013_00014425_0.jpg,/content/drive/MyDrive/vehicle_reid_itsc2023-main/dataset/VeRi/image_query/0609_c013_00014425_0.jpg
1332,0.68528,0609_c014_00015585_0.jpg,/content/drive/MyDrive/vehicle_reid_itsc2023-main/dataset/VeRi/image_query/0609_c014_00015585_0.jpg
1333,0.70916,0609_c015_00015485_0.jpg,/content/drive/MyDrive/vehicle_reid_itsc2023-main/dataset/VeRi/image_query/0609_c015_00015485_0.jpg
1334,0.694811,0609_c016_00015955_0.jpg,/content/drive/MyDrive/vehicle_reid_itsc2023-main/dataset/VeRi/image_query/0609_c016_00015955_0.jpg
1335,0.689262,0609_c017_00014915_0.jpg,/content/drive/MyDrive/vehicle_reid_itsc2023-main/dataset/VeRi/image_query/0609_c017_00014915_0.jpg
1336,0.620095,0609_c019_00015075_0.jpg,/content/drive/MyDrive/vehicle_reid_itsc2023-main/dataset/VeRi/image_query/0609_c019_00015075_0.jpg
1355,0.709859,0612_c002_00088805_0.jpg,/content/drive/MyDrive/vehicle_reid_itsc2023-main/dataset/VeRi/image_query/0612_c002_00088805_0.jpg
1359,0.748778,0612_c008_00087235_0.jpg,/content/drive/MyDrive/vehicle_reid_itsc2023-main/dataset/VeRi/image_query/0612_c008_00087235_0.jpg
1362,0.780142,0612_c011_00087990_1.jpg,/content/drive/MyDrive/vehicle_reid_itsc2023-main/dataset/VeRi/image_query/0612_c011_00087990_1.jpg
1363,0.572657,0614_c014_00089430_0.jpg,/content/drive/MyDrive/vehicle_reid_itsc2023-main/dataset/VeRi/image_query/0614_c014_00089430_0.jpg
1364,0.599366,0614_c015_00089245_0.jpg,/content/drive/MyDrive/vehicle_reid_itsc2023-main/dataset/VeRi/image_query/0614_c015_00089245_0.jpg
1365,0.663245,0614_c016_00089755_0.jpg,/content/drive/MyDrive/vehicle_reid_itsc2023-main/dataset/VeRi/image_query/0614_c016_00089755_0.jpg
1366,0.783941,0614_c017_00087845_0.jpg,/content/drive/MyDrive/vehicle_reid_itsc2023-main/dataset/VeRi/image_query/0614_c017_00087845_0.jpg
1367,0.666261,0614_c019_00088090_0.jpg,/content/drive/MyDrive/vehicle_reid_itsc2023-main/dataset/VeRi/image_query/0614_c019_00088090_0.jpg
1368,0.407152,0615_c003_00007905_0.jpg,/content/drive/MyDrive/vehicle_reid_itsc2023-main/dataset/VeRi/image_query/0615_c003_00007905_0.jpg
1369,0.308706,0615_c004_00007885_0.jpg,/content/drive/MyDrive/vehicle_reid_itsc2023-main/dataset/VeRi/image_query/0615_c004_00007885_0.jpg
1370,0.354376,0615_c005_00008845_0.jpg,/content/drive/MyDrive/vehicle_reid_itsc2023-main/dataset/VeRi/image_query/0615_c005_00008845_0.jpg
1371,0.356345,0615_c006_00007100_0.jpg,/content/drive/MyDrive/vehicle_reid_itsc2023-main/dataset/VeRi/image_query/0615_c006_00007100_0.jpg
1372,0.134375,0615_c007_00008925_0.jpg,/content/drive/MyDrive/vehicle_reid_itsc2023-main/dataset/VeRi/image_query/0615_c007_00008925_0.jpg
1373,0.409865,0615_c008_00008285_0.jpg,/content/drive/MyDrive/vehicle_reid_itsc2023-main/dataset/VeRi/image_query/0615_c008_00008285_0.jpg
1374,0.495801,0615_c009_00008140_0.jpg,/content/drive/MyDrive/vehicle_reid_itsc2023-main/dataset/VeRi/image_query/0615_c009_00008140_0.jpg
1375,0.362634,0615_c010_00007210_1.jpg,/content/drive/MyDrive/vehicle_reid_itsc2023-main/dataset/VeRi/image_query/0615_c010_00007210_1.jpg
1376,0.346972,0615_c011_00007000_1.jpg,/content/drive/MyDrive/vehicle_reid_itsc2023-main/dataset/VeRi/image_query/0615_c011_00007000_1.jpg
1383,0.57874,0623_c017_00079905_0.jpg,/content/drive/MyDrive/vehicle_reid_itsc2023-main/dataset/VeRi/image_query/0623_c017_00079905_0.jpg
1384,0.709406,0623_c018_00080035_0.jpg,/content/drive/MyDrive/vehicle_reid_itsc2023-main/dataset/VeRi/image_query/0623_c018_00080035_0.jpg
1388,0.516236,0624_c004_00059130_0.jpg,/content/drive/MyDrive/vehicle_reid_itsc2023-main/dataset/VeRi/image_query/0624_c004_00059130_0.jpg
1394,0.411895,0625_c003_00010180_0.jpg,/content/drive/MyDrive/vehicle_reid_itsc2023-main/dataset/VeRi/image_query/0625_c003_00010180_0.jpg
1395,0.310876,0625_c005_00010940_1.jpg,/content/drive/MyDrive/vehicle_reid_itsc2023-main/dataset/VeRi/image_query/0625_c005_00010940_1.jpg
1396,0.642775,0625_c006_00009630_0.jpg,/content/drive/MyDrive/vehicle_reid_itsc2023-main/dataset/VeRi/image_query/0625_c006_00009630_0.jpg
1397,0.265584,0625_c007_00011000_0.jpg,/content/drive/MyDrive/vehicle_reid_itsc2023-main/dataset/VeRi/image_query/0625_c007_00011000_0.jpg
1398,0.341571,0625_c008_00010400_0.jpg,/content/drive/MyDrive/vehicle_reid_itsc2023-main/dataset/VeRi/image_query/0625_c008_00010400_0.jpg
1399,0.375403,0625_c009_00010295_0.jpg,/content/drive/MyDrive/vehicle_reid_itsc2023-main/dataset/VeRi/image_query/0625_c009_00010295_0.jpg
1400,0.412381,0625_c010_00009715_0.jpg,/content/drive/MyDrive/vehicle_reid_itsc2023-main/dataset/VeRi/image_query/0625_c010_00009715_0.jpg
1401,0.338296,0625_c011_00009560_0.jpg,/content/drive/MyDrive/vehicle_reid_itsc2023-main/dataset/VeRi/image_query/0625_c011_00009560_0.jpg
1407,0.610949,0630_c007_00052030_0.jpg,/content/drive/MyDrive/vehicle_reid_itsc2023-main/dataset/VeRi/image_query/0630_c007_00052030_0.jpg
1412,0.563139,0631_c003_00041525_0.jpg,/content/drive/MyDrive/vehicle_reid_itsc2023-main/dataset/VeRi/image_query/0631_c003_00041525_0.jpg
1414,0.572317,0631_c006_00040780_1.jpg,/content/drive/MyDrive/vehicle_reid_itsc2023-main/dataset/VeRi/image_query/0631_c006_00040780_1.jpg
1415,0.790492,0631_c010_00040965_0.jpg,/content/drive/MyDrive/vehicle_reid_itsc2023-main/dataset/VeRi/image_query/0631_c010_00040965_0.jpg
1416,0.651619,0631_c011_00040740_0.jpg,/content/drive/MyDrive/vehicle_reid_itsc2023-main/dataset/VeRi/image_query/0631_c011_00040740_0.jpg
1419,0.043777,0634_c004_00056335_0.jpg,/content/drive/MyDrive/vehicle_reid_itsc2023-main/dataset/VeRi/image_query/0634_c004_00056335_0.jpg
1420,0.73985,0634_c006_00055670_0.jpg,/content/drive/MyDrive/vehicle_reid_itsc2023-main/dataset/VeRi/image_query/0634_c006_00055670_0.jpg
1422,0.739386,0634_c011_00055655_0.jpg,/content/drive/MyDrive/vehicle_reid_itsc2023-main/dataset/VeRi/image_query/0634_c011_00055655_0.jpg
1423,0.671984,0642_c014_00020325_0.jpg,/content/drive/MyDrive/vehicle_reid_itsc2023-main/dataset/VeRi/image_query/0642_c014_00020325_0.jpg
1424,0.644369,0642_c015_00020330_0.jpg,/content/drive/MyDrive/vehicle_reid_itsc2023-main/dataset/VeRi/image_query/0642_c015_00020330_0.jpg
1425,0.604423,0642_c016_00020150_0.jpg,/content/drive/MyDrive/vehicle_reid_itsc2023-main/dataset/VeRi/image_query/0642_c016_00020150_0.jpg
1426,0.789194,0642_c017_00021400_0.jpg,/content/drive/MyDrive/vehicle_reid_itsc2023-main/dataset/VeRi/image_query/0642_c017_00021400_0.jpg
1427,0.758576,0642_c019_00021100_0.jpg,/content/drive/MyDrive/vehicle_reid_itsc2023-main/dataset/VeRi/image_query/0642_c019_00021100_0.jpg
1428,0.529044,0646_c014_00006850_0.jpg,/content/drive/MyDrive/vehicle_reid_itsc2023-main/dataset/VeRi/image_query/0646_c014_00006850_0.jpg
1430,0.643621,0646_c016_00006535_0.jpg,/content/drive/MyDrive/vehicle_reid_itsc2023-main/dataset/VeRi/image_query/0646_c016_00006535_0.jpg
1431,0.758976,0646_c017_00007895_0.jpg,/content/drive/MyDrive/vehicle_reid_itsc2023-main/dataset/VeRi/image_query/0646_c017_00007895_0.jpg
1432,0.250204,0646_c018_00008005_0.jpg,/content/drive/MyDrive/vehicle_reid_itsc2023-main/dataset/VeRi/image_query/0646_c018_00008005_0.jpg
1452,0.61873,0654_c002_00020085_0.jpg,/content/drive/MyDrive/vehicle_reid_itsc2023-main/dataset/VeRi/image_query/0654_c002_00020085_0.jpg
1453,0.660021,0654_c003_00018715_0.jpg,/content/drive/MyDrive/vehicle_reid_itsc2023-main/dataset/VeRi/image_query/0654_c003_00018715_0.jpg
1454,0.715752,0654_c004_00018590_0.jpg,/content/drive/MyDrive/vehicle_reid_itsc2023-main/dataset/VeRi/image_query/0654_c004_00018590_0.jpg
1455,0.658922,0654_c005_00052640_0.jpg,/content/drive/MyDrive/vehicle_reid_itsc2023-main/dataset/VeRi/image_query/0654_c005_00052640_0.jpg
1457,0.542613,0654_c007_00052785_0.jpg,/content/drive/MyDrive/vehicle_reid_itsc2023-main/dataset/VeRi/image_query/0654_c007_00052785_0.jpg
1458,0.450213,0654_c008_00018495_0.jpg,/content/drive/MyDrive/vehicle_reid_itsc2023-main/dataset/VeRi/image_query/0654_c008_00018495_0.jpg
1459,0.595438,0654_c009_00018505_0.jpg,/content/drive/MyDrive/vehicle_reid_itsc2023-main/dataset/VeRi/image_query/0654_c009_00018505_0.jpg
1460,0.743835,0654_c010_00019215_0.jpg,/content/drive/MyDrive/vehicle_reid_itsc2023-main/dataset/VeRi/image_query/0654_c010_00019215_0.jpg
1461,0.685603,0654_c011_00019235_0.jpg,/content/drive/MyDrive/vehicle_reid_itsc2023-main/dataset/VeRi/image_query/0654_c011_00019235_0.jpg
1489,0.164384,0662_c003_00004915_0.jpg,/content/drive/MyDrive/vehicle_reid_itsc2023-main/dataset/VeRi/image_query/0662_c003_00004915_0.jpg
1490,0.736251,0662_c005_00005645_2.jpg,/content/drive/MyDrive/vehicle_reid_itsc2023-main/dataset/VeRi/image_query/0662_c005_00005645_2.jpg
1491,0.41533,0662_c007_00005745_0.jpg,/content/drive/MyDrive/vehicle_reid_itsc2023-main/dataset/VeRi/image_query/0662_c007_00005745_0.jpg
1492,0.647159,0662_c008_00005120_0.jpg,/content/drive/MyDrive/vehicle_reid_itsc2023-main/dataset/VeRi/image_query/0662_c008_00005120_0.jpg
1493,0.674815,0662_c009_00005020_0.jpg,/content/drive/MyDrive/vehicle_reid_itsc2023-main/dataset/VeRi/image_query/0662_c009_00005020_0.jpg
1497,0.201597,0663_c004_00037950_0.jpg,/content/drive/MyDrive/vehicle_reid_itsc2023-main/dataset/VeRi/image_query/0663_c004_00037950_0.jpg
1533,0.410827,0677_c007_00086065_0.jpg,/content/drive/MyDrive/vehicle_reid_itsc2023-main/dataset/VeRi/image_query/0677_c007_00086065_0.jpg
1542,0.751044,0687_c002_00022105_0.jpg,/content/drive/MyDrive/vehicle_reid_itsc2023-main/dataset/VeRi/image_query/0687_c002_00022105_0.jpg
1544,0.625139,0687_c004_00019895_0.jpg,/content/drive/MyDrive/vehicle_reid_itsc2023-main/dataset/VeRi/image_query/0687_c004_00019895_0.jpg
1545,0.661927,0687_c006_00020390_0.jpg,/content/drive/MyDrive/vehicle_reid_itsc2023-main/dataset/VeRi/image_query/0687_c006_00020390_0.jpg
1546,0.609903,0687_c008_00019805_0.jpg,/content/drive/MyDrive/vehicle_reid_itsc2023-main/dataset/VeRi/image_query/0687_c008_00019805_0.jpg
1549,0.540983,0687_c011_00020355_0.jpg,/content/drive/MyDrive/vehicle_reid_itsc2023-main/dataset/VeRi/image_query/0687_c011_00020355_0.jpg
1555,0.796222,0698_c016_00052920_0.jpg,/content/drive/MyDrive/vehicle_reid_itsc2023-main/dataset/VeRi/image_query/0698_c016_00052920_0.jpg
1581,0.797732,0717_c010_00041370_0.jpg,/content/drive/MyDrive/vehicle_reid_itsc2023-main/dataset/VeRi/image_query/0717_c010_00041370_0.jpg
1583,0.65497,0720_c001_00073675_0.jpg,/content/drive/MyDrive/vehicle_reid_itsc2023-main/dataset/VeRi/image_query/0720_c001_00073675_0.jpg
1584,0.559684,0720_c002_00072140_2.jpg,/content/drive/MyDrive/vehicle_reid_itsc2023-main/dataset/VeRi/image_query/0720_c002_00072140_2.jpg
1585,0.683729,0720_c003_00069825_0.jpg,/content/drive/MyDrive/vehicle_reid_itsc2023-main/dataset/VeRi/image_query/0720_c003_00069825_0.jpg
1586,0.468452,0720_c004_00069710_0.jpg,/content/drive/MyDrive/vehicle_reid_itsc2023-main/dataset/VeRi/image_query/0720_c004_00069710_0.jpg
1587,0.575981,0720_c006_00070295_0.jpg,/content/drive/MyDrive/vehicle_reid_itsc2023-main/dataset/VeRi/image_query/0720_c006_00070295_0.jpg
1588,0.533458,0720_c008_00069600_0.jpg,/content/drive/MyDrive/vehicle_reid_itsc2023-main/dataset/VeRi/image_query/0720_c008_00069600_0.jpg
1589,0.590735,0720_c009_00069690_0.jpg,/content/drive/MyDrive/vehicle_reid_itsc2023-main/dataset/VeRi/image_query/0720_c009_00069690_0.jpg
1591,0.531643,0720_c011_00070300_0.jpg,/content/drive/MyDrive/vehicle_reid_itsc2023-main/dataset/VeRi/image_query/0720_c011_00070300_0.jpg
1592,0.588843,0720_c012_00074160_1.jpg,/content/drive/MyDrive/vehicle_reid_itsc2023-main/dataset/VeRi/image_query/0720_c012_00074160_1.jpg
1593,0.565383,0720_c013_00074015_0.jpg,/content/drive/MyDrive/vehicle_reid_itsc2023-main/dataset/VeRi/image_query/0720_c013_00074015_0.jpg
1594,0.506979,0720_c014_00075545_0.jpg,/content/drive/MyDrive/vehicle_reid_itsc2023-main/dataset/VeRi/image_query/0720_c014_00075545_0.jpg
1595,0.69479,0720_c015_00075370_0.jpg,/content/drive/MyDrive/vehicle_reid_itsc2023-main/dataset/VeRi/image_query/0720_c015_00075370_0.jpg
1596,0.678595,0720_c016_00076365_0.jpg,/content/drive/MyDrive/vehicle_reid_itsc2023-main/dataset/VeRi/image_query/0720_c016_00076365_0.jpg
1597,0.505345,0720_c017_00074735_0.jpg,/content/drive/MyDrive/vehicle_reid_itsc2023-main/dataset/VeRi/image_query/0720_c017_00074735_0.jpg
1598,0.600656,0720_c019_00074915_0.jpg,/content/drive/MyDrive/vehicle_reid_itsc2023-main/dataset/VeRi/image_query/0720_c019_00074915_0.jpg
