idx_in_subset,AP,query_image
0,1.0,0002_c002_00030600_0.jpg
1,0.995346,0002_c003_00084280_0.jpg
2,1.0,0002_c004_00084250_0.jpg
3,1.0,0002_c005_00084980_0.jpg
4,1.0,0002_c006_00083605_0.jpg
5,0.960214,0002_c007_00085080_0.jpg
6,1.0,0002_c008_00084510_0.jpg
7,1.0,0002_c009_00084490_0.jpg
8,0.999651,0002_c010_00083770_0.jpg
9,1.0,0002_c011_00083590_0.jpg
10,0.99606,0005_c002_00075750_0.jpg
11,0.987845,0005_c003_00077670_0.jpg
12,1.0,0005_c004_00077625_0.jpg
13,0.997163,0005_c005_00078360_0.jpg
14,0.980544,0005_c006_00076875_1.jpg
15,0.916599,0005_c007_00078460_0.jpg
16,0.857956,0005_c008_00077885_0.jpg
17,0.996404,0005_c009_00077860_0.jpg
18,0.996642,0005_c010_00077035_0.jpg
19,0.993216,0005_c011_00076875_1.jpg
20,1.0,0006_c014_00022355_0.jpg
21,1.0,0006_c015_00022375_0.jpg
22,1.0,0006_c016_00026255_0.jpg
23,1.0,0006_c017_00023390_0.jpg
24,1.0,0006_c019_00023100_0.jpg
25,0.866949,0009_c001_00067370_0.jpg
26,0.535089,0009_c012_00068010_0.jpg
27,0.679588,0009_c013_00067835_0.jpg
28,0.616705,0009_c014_00070060_0.jpg
29,0.714897,0009_c015_00069860_0.jpg
30,0.808932,0009_c016_00071115_0.jpg
31,0.628049,0009_c017_00068800_0.jpg
32,0.53515,0009_c019_00069105_0.jpg
33,0.983561,0014_c001_00041060_0.jpg
34,0.974444,0014_c012_00040760_0.jpg
35,0.834479,0014_c013_00040840_0.jpg
36,0.796073,0014_c014_00039385_0.jpg
37,0.997467,0014_c015_00039390_0.jpg
38,0.998765,0014_c016_00039135_0.jpg
39,0.894022,0014_c017_00040300_0.jpg
40,0.979747,0014_c019_00040055_0.jpg
41,0.805452,0027_c001_00013035_0.jpg
42,0.947504,0027_c013_00012855_0.jpg
43,0.694905,0027_c014_00011405_0.jpg
44,0.954659,0027_c015_00011450_0.jpg
45,0.799025,0027_c016_00011185_0.jpg
46,0.765006,0027_c017_00012205_0.jpg
47,0.915835,0027_c019_00012010_0.jpg
48,0.69256,0030_c005_00051590_1.jpg
49,0.199938,0030_c007_00054885_1.jpg
50,0.302098,0030_c008_00049770_0.jpg
51,0.392806,0030_c009_00049855_0.jpg
52,0.770563,0035_c002_00000440_2.jpg
53,0.759393,0035_c003_00001875_0.jpg
54,0.66388,0035_c004_00001795_0.jpg
55,0.778683,0035_c006_00001150_0.jpg
56,0.72151,0035_c010_00001265_0.jpg
57,0.605317,0035_c011_00001085_0.jpg
58,0.788828,0038_c001_00001200_0.jpg
59,0.508942,0038_c003_00008510_1.jpg
60,0.70015,0038_c004_00008430_0.jpg
61,0.554148,0038_c008_00008265_0.jpg
62,0.526788,0038_c009_00008275_0.jpg
63,0.789865,0038_c012_00001765_0.jpg
64,0.841096,0038_c013_00001640_0.jpg
65,0.739192,0038_c014_00004130_0.jpg
66,0.706794,0038_c015_00004055_0.jpg
67,0.486414,0038_c016_00004350_0.jpg
68,0.830203,0038_c017_00003360_0.jpg
69,0.802301,0038_c019_00003575_0.jpg
70,1.0,0042_c001_00085315_0.jpg
71,1.0,0042_c002_00085830_0.jpg
72,1.0,0042_c003_00087110_0.jpg
73,1.0,0042_c004_00087105_0.jpg
74,1.0,0042_c006_00086245_0.jpg
75,1.0,0042_c010_00086395_0.jpg
76,1.0,0042_c011_00086255_0.jpg
77,1.0,0042_c012_00083340_0.jpg
78,1.0,0042_c013_00083430_0.jpg
79,0.99932,0042_c017_00082800_0.jpg
80,0.136744,0061_c003_00083765_0.jpg
81,1.0,0061_c004_00083720_0.jpg
82,0.88346,0061_c010_00080095_0.jpg
83,0.938418,0063_c001_00009565_0.jpg
84,0.691917,0063_c002_00010000_0.jpg
85,0.874314,0063_c012_00009300_0.jpg
86,0.964583,0063_c013_00009375_0.jpg
87,0.922922,0063_c016_00007580_0.jpg
88,0.914369,0063_c017_00008705_2.jpg
89,0.97375,0063_c019_00008480_0.jpg
90,0.978261,0065_c001_00064630_0.jpg
91,0.911623,0065_c002_00063040_0.jpg
92,0.862421,0065_c003_00060250_0.jpg
93,0.989241,0065_c004_00060105_0.jpg
94,0.989251,0065_c006_00061310_0.jpg
95,0.966326,0065_c008_00059930_0.jpg
96,0.940009,0065_c009_00059990_0.jpg
97,0.997904,0065_c010_00061240_0.jpg
98,0.993545,0065_c011_00061315_0.jpg
99,0.985218,0065_c012_00065115_0.jpg
100,0.968987,0065_c013_00064960_0.jpg
101,0.989203,0065_c014_00067520_0.jpg
102,0.980137,0065_c015_00067315_0.jpg
103,0.987257,0065_c016_00068390_0.jpg
104,0.994213,0065_c017_00065800_0.jpg
105,0.943058,0065_c019_00066085_0.jpg
106,0.81072,0066_c001_00059990_0.jpg
107,0.641191,0066_c012_00059110_0.jpg
108,0.796601,0066_c013_00059200_0.jpg
109,0.584402,0066_c014_00056825_0.jpg
110,0.893492,0066_c015_00057085_0.jpg
111,0.881934,0066_c016_00055450_0.jpg
112,0.68385,0066_c017_00058360_0.jpg
113,0.691979,0066_c019_00058085_0.jpg
114,1.0,0074_c002_00000395_1.jpg
115,0.99471,0074_c003_00001800_0.jpg
116,1.0,0074_c004_00001730_0.jpg
117,0.996565,0074_c006_00001085_0.jpg
118,1.0,0074_c010_00001190_0.jpg
119,1.0,0074_c011_00001005_0.jpg
120,0.997184,0074_c014_00085690_0.jpg
121,1.0,0074_c015_00085800_0.jpg
122,0.99401,0074_c016_00085490_0.jpg
123,0.610596,0086_c001_00079320_0.jpg
124,0.925299,0086_c012_00080055_0.jpg
125,0.882396,0086_c013_00079895_0.jpg
126,0.950099,0086_c014_00081915_0.jpg
127,0.929169,0086_c015_00081770_0.jpg
128,0.962891,0086_c016_00082225_0.jpg
129,0.896738,0086_c017_00080725_0.jpg
130,0.812105,0086_c019_00080940_0.jpg
131,0.97619,0089_c005_00058765_0.jpg
132,1.0,0089_c007_00058930_0.jpg
133,0.060564,0090_c003_00078485_1.jpg
134,0.024731,0090_c004_00078395_0.jpg
135,0.555686,0090_c009_00078245_0.jpg
136,0.485826,0096_c005_00030530_0.jpg
137,0.113845,0096_c007_00030630_0.jpg
138,0.377768,0096_c012_00025270_1.jpg
139,0.792482,0096_c013_00025120_0.jpg
140,0.302308,0096_c014_00026795_0.jpg
141,0.573773,0096_c015_00026665_0.jpg
142,0.66634,0096_c016_00027015_0.jpg
143,0.676147,0096_c019_00026150_0.jpg
144,0.775634,0101_c001_00043680_0.jpg
145,0.617066,0101_c012_00044145_0.jpg
146,0.833988,0101_c013_00044035_0.jpg
147,0.621105,0101_c014_00045815_0.jpg
148,0.571529,0101_c015_00045615_0.jpg
149,0.925217,0101_c016_00047300_0.jpg
150,0.573563,0101_c017_00044765_1.jpg
151,0.785328,0102_c001_00008215_0.jpg
152,0.741122,0102_c012_00007880_0.jpg
153,0.610587,0102_c013_00007965_0.jpg
154,0.788247,0102_c014_00005435_0.jpg
155,0.586246,0102_c015_00005535_0.jpg
156,0.631819,0102_c016_00010770_0.jpg
157,0.686757,0102_c017_00006970_1.jpg
158,0.587257,0102_c019_00006590_0.jpg
159,0.82636,0104_c001_00021440_0.jpg
160,0.226824,0104_c002_00019700_1.jpg
161,0.992652,0104_c003_00016995_0.jpg
162,0.754999,0104_c004_00016940_0.jpg
163,0.858628,0104_c006_00017875_1.jpg
164,0.523047,0104_c010_00017790_0.jpg
165,0.85368,0104_c011_00017820_1.jpg
166,0.341055,0104_c013_00021685_0.jpg
167,0.895479,0104_c018_00022470_0.jpg
168,0.186494,0105_c014_00069950_0.jpg
169,0.93608,0105_c015_00069955_0.jpg
170,0.979167,0105_c016_00069670_0.jpg
171,0.929024,0106_c014_00015900_0.jpg
172,0.877788,0106_c015_00015940_0.jpg
173,0.869162,0106_c016_00015635_0.jpg
174,0.867261,0106_c017_00018825_0.jpg
175,0.849826,0106_c019_00018530_0.jpg
176,0.42625,0108_c002_00075460_1.jpg
177,0.780362,0108_c003_00077570_0.jpg
178,0.898614,0108_c004_00077550_0.jpg
179,0.933479,0108_c005_00078200_0.jpg
180,0.711249,0108_c006_00076755_1.jpg
181,0.338702,0108_c007_00078265_0.jpg
182,0.872703,0108_c008_00077790_0.jpg
183,0.897422,0108_c009_00077755_0.jpg
184,0.711082,0108_c010_00076940_0.jpg
185,0.843018,0108_c011_00076760_1.jpg
186,0.610633,0110_c001_00018880_0.jpg
187,0.680124,0110_c002_00019620_0.jpg
188,0.416809,0110_c003_00022520_1.jpg
189,0.664992,0110_c004_00022495_0.jpg
190,0.613325,0110_c006_00021960_0.jpg
191,0.908613,0110_c008_00022735_0.jpg
192,0.847361,0110_c009_00022635_0.jpg
193,0.443005,0110_c010_00022075_0.jpg
194,0.647286,0110_c011_00021890_0.jpg
195,0.50913,0110_c012_00007700_0.jpg
196,0.687448,0113_c001_00080770_0.jpg
197,0.621968,0113_c002_00079195_1.jpg
198,0.640334,0113_c003_00076335_0.jpg
199,0.651198,0113_c004_00076225_0.jpg
200,0.831226,0113_c006_00076830_0.jpg
201,0.700053,0113_c008_00076115_0.jpg
202,0.772523,0113_c009_00076210_0.jpg
203,0.487222,0113_c010_00076760_1.jpg
204,0.795544,0113_c011_00076850_0.jpg
205,0.590909,0113_c012_00081255_0.jpg
206,0.651292,0113_c013_00081150_0.jpg
207,0.524908,0113_c017_00081820_0.jpg
208,0.58433,0113_c019_00081925_0.jpg
209,0.976471,0117_c001_00048665_0.jpg
210,0.999446,0117_c012_00049160_0.jpg
211,0.997265,0117_c013_00049010_0.jpg
212,1.0,0117_c014_00051035_0.jpg
213,0.999446,0117_c015_00050805_0.jpg
214,0.737085,0117_c016_00052565_0.jpg
215,1.0,0117_c017_00049775_0.jpg
216,0.99723,0117_c019_00050015_0.jpg
217,0.890713,0118_c001_00068830_0.jpg
218,0.999901,0118_c002_00086265_0.jpg
219,0.74785,0118_c003_00089040_1.jpg
220,0.930932,0118_c004_00089005_0.jpg
221,1.0,0118_c005_00089810_1.jpg
222,0.758802,0118_c006_00088190_1.jpg
223,0.984155,0118_c007_00089905_0.jpg
224,0.997098,0118_c008_00089315_1.jpg
225,0.9667,0118_c009_00089270_0.jpg
226,0.91654,0118_c010_00088410_0.jpg
227,0.853665,0118_c011_00088230_1.jpg
228,0.904078,0118_c012_00066905_0.jpg
229,0.998863,0118_c013_00067000_0.jpg
230,0.901324,0118_c014_00065420_0.jpg
231,0.997017,0118_c015_00065420_0.jpg
232,0.999236,0118_c016_00065230_0.jpg
233,0.939248,0118_c017_00066255_0.jpg
234,0.998258,0118_c019_00065995_1.jpg
235,1.0,0122_c001_00036500_0.jpg
236,0.261309,0122_c012_00036985_0.jpg
237,0.886817,0122_c013_00036865_0.jpg
238,0.894539,0122_c015_00038450_0.jpg
239,0.871558,0122_c016_00039735_0.jpg
240,0.809948,0122_c019_00037970_1.jpg
241,0.572726,0126_c001_00005395_0.jpg
242,0.587922,0126_c002_00059155_0.jpg
243,0.522491,0126_c003_00061005_1.jpg
244,0.573107,0126_c004_00060980_0.jpg
245,0.73043,0126_c005_00061745_1.jpg
246,0.523218,0126_c006_00060265_0.jpg
247,0.261768,0126_c007_00061840_0.jpg
248,0.680324,0126_c008_00061250_0.jpg
249,0.656924,0126_c009_00061190_0.jpg
250,0.509997,0126_c010_00060400_0.jpg
251,0.518005,0126_c011_00060250_0.jpg
252,0.628509,0126_c012_00003945_0.jpg
253,0.833873,0126_c013_00004060_0.jpg
254,0.477059,0126_c014_00002490_1.jpg
255,0.758849,0126_c016_00002265_0.jpg
256,0.5832,0126_c017_00003330_1.jpg
257,0.743047,0126_c019_00003130_0.jpg
258,0.811491,0129_c014_00026710_1.jpg
259,0.263857,0129_c015_00026705_1.jpg
260,0.86077,0129_c017_00027580_0.jpg
261,0.498038,0129_c019_00027405_0.jpg
262,1.0,0130_c003_00058575_1.jpg
263,0.958637,0130_c004_00058560_1.jpg
264,1.0,0130_c005_00059430_0.jpg
265,1.0,0130_c007_00059550_0.jpg
266,0.799207,0130_c008_00058880_0.jpg
267,0.90119,0130_c009_00058810_0.jpg
268,1.0,0132_c001_00019750_0.jpg
269,1.0,0132_c012_00018355_0.jpg
270,1.0,0132_c013_00018475_0.jpg
271,1.0,0132_c014_00016320_0.jpg
272,1.0,0132_c015_00016420_0.jpg
273,1.0,0132_c016_00015950_1.jpg
274,1.0,0132_c017_00017675_0.jpg
275,1.0,0132_c019_00017370_0.jpg
276,0.96685,0134_c001_00064795_1.jpg
277,0.550447,0134_c002_00063575_0.jpg
278,0.903318,0134_c003_00049335_0.jpg
279,0.596154,0134_c004_00049285_0.jpg
280,0.901699,0134_c005_00051340_0.jpg
281,0.538488,0134_c006_00047550_1.jpg
282,0.983008,0134_c007_00051615_0.jpg
283,0.761325,0134_c008_00049955_0.jpg
284,0.835043,0134_c009_00049775_0.jpg
285,0.552508,0134_c010_00061445_0.jpg
286,0.921779,0134_c011_00061670_0.jpg
287,0.909849,0134_c012_00065940_0.jpg
288,0.516142,0134_c013_00065515_0.jpg
289,0.90393,0134_c014_00070330_0.jpg
290,0.531803,0134_c015_00070000_1.jpg
291,0.532837,0134_c016_00071425_0.jpg
292,0.831523,0134_c017_00067610_0.jpg
293,0.493697,0134_c019_00068345_0.jpg
294,0.685215,0135_c001_00061845_0.jpg
295,0.783412,0135_c002_00068195_1.jpg
296,0.614492,0135_c003_00070150_0.jpg
297,0.762841,0135_c004_00070135_0.jpg
298,0.741798,0135_c005_00070830_0.jpg
299,0.630176,0135_c006_00069415_0.jpg
300,0.689833,0135_c007_00070935_0.jpg
301,0.332787,0135_c008_00070415_0.jpg
302,0.506431,0135_c009_00070340_0.jpg
303,0.67423,0135_c010_00069590_1.jpg
304,0.599724,0135_c011_00069430_0.jpg
305,0.71564,0135_c012_00060335_0.jpg
306,0.802699,0135_c013_00060430_0.jpg
307,0.667663,0135_c014_00058310_1.jpg
308,0.708515,0135_c015_00058375_0.jpg
309,0.717783,0135_c016_00057900_0.jpg
310,0.625092,0135_c017_00059590_0.jpg
311,0.805689,0135_c019_00059320_0.jpg
312,0.699424,0142_c014_00086485_0.jpg
313,0.786679,0142_c015_00086515_0.jpg
314,0.618143,0142_c016_00086325_0.jpg
315,0.773671,0142_c017_00088125_0.jpg
316,0.650098,0142_c019_00088350_0.jpg
317,0.495821,0143_c001_00072350_0.jpg
318,0.541371,0143_c012_00073035_0.jpg
319,0.49355,0143_c013_00072830_0.jpg
320,0.462159,0143_c014_00074735_0.jpg
321,0.515495,0143_c015_00074530_0.jpg
322,0.614938,0143_c016_00076535_0.jpg
323,0.375152,0143_c017_00073710_0.jpg
324,0.520735,0143_c019_00073915_0.jpg
325,0.875459,0144_c001_00029300_0.jpg
326,0.7853,0144_c012_00027240_0.jpg
327,0.775955,0144_c013_00027420_0.jpg
328,0.77225,0144_c014_00024350_0.jpg
329,0.822629,0144_c015_00024580_0.jpg
330,0.636374,0144_c017_00026280_0.jpg
331,0.441568,0145_c014_00025420_0.jpg
332,0.803818,0145_c015_00025300_0.jpg
333,0.660837,0145_c016_00026460_1.jpg
334,0.331709,0150_c001_00048515_0.jpg
335,0.555487,0150_c012_00048975_0.jpg
336,0.439376,0150_c013_00048845_0.jpg
337,0.570114,0150_c014_00050980_0.jpg
338,0.479386,0150_c015_00050780_0.jpg
339,0.465881,0150_c017_00049560_2.jpg
340,0.504022,0150_c019_00049885_1.jpg
341,0.629898,0151_c001_00004585_0.jpg
342,0.882746,0151_c002_00005015_0.jpg
343,0.899176,0151_c003_00006420_0.jpg
344,0.810998,0151_c004_00006390_0.jpg
345,0.842914,0151_c005_00087425_0.jpg
346,0.500557,0151_c006_00005730_0.jpg
347,0.947694,0151_c007_00087570_0.jpg
348,0.77712,0151_c008_00006650_0.jpg
349,0.933678,0151_c009_00006530_0.jpg
350,0.88011,0151_c010_00005835_1.jpg
351,0.578494,0151_c011_00005670_0.jpg
352,0.657883,0151_c012_00002630_0.jpg
353,0.981067,0151_c013_00002700_1.jpg
354,0.973564,0151_c015_00000890_0.jpg
355,0.9577,0151_c016_00000325_0.jpg
356,0.660416,0151_c017_00002085_0.jpg
357,0.938285,0151_c019_00001850_0.jpg
358,0.797488,0154_c001_00039250_0.jpg
359,0.822049,0154_c012_00039640_0.jpg
360,0.755599,0154_c013_00039540_1.jpg
361,0.501599,0154_c014_00041025_0.jpg
362,0.813052,0154_c015_00040885_0.jpg
363,0.826048,0154_c016_00042110_0.jpg
364,0.632186,0154_c017_00040080_1.jpg
365,0.87998,0154_c019_00040335_0.jpg
366,0.746233,0162_c003_00033265_0.jpg
367,0.537086,0162_c004_00033160_0.jpg
368,0.677013,0162_c008_00032930_0.jpg
369,0.620734,0162_c009_00033030_0.jpg
370,0.704963,0166_c001_00038230_0.jpg
371,0.683828,0166_c013_00037090_0.jpg
372,0.699065,0166_c014_00035220_0.jpg
373,0.529055,0166_c016_00034905_1.jpg
374,0.697014,0166_c017_00036360_0.jpg
375,0.83912,0172_c001_00085765_0.jpg
376,0.813698,0172_c002_00079590_0.jpg
377,0.717644,0172_c003_00078210_0.jpg
378,0.62852,0172_c004_00078125_0.jpg
379,0.76684,0172_c006_00078815_1.jpg
380,0.96921,0172_c010_00078820_0.jpg
381,0.743977,0172_c011_00078830_0.jpg
382,0.599993,0172_c012_00086365_0.jpg
383,0.814381,0172_c013_00086260_0.jpg
384,0.561451,0172_c017_00086965_1.jpg
385,0.697437,0172_c019_00087160_0.jpg
386,0.720621,0173_c001_00066750_0.jpg
387,0.703415,0173_c002_00065255_0.jpg
388,0.955557,0173_c012_00067450_0.jpg
389,0.954265,0173_c013_00067320_0.jpg
390,0.963657,0173_c014_00069295_1.jpg
391,0.927055,0173_c015_00069130_0.jpg
392,0.960937,0173_c016_00069640_0.jpg
393,0.761688,0173_c017_00068180_0.jpg
394,0.985082,0173_c019_00068445_0.jpg
395,0.94875,0174_c001_00040625_0.jpg
396,0.918275,0174_c002_00041080_2.jpg
397,0.92743,0174_c003_00043925_0.jpg
398,0.929996,0174_c004_00043935_0.jpg
399,0.951187,0174_c006_00043315_0.jpg
400,0.91441,0174_c008_00072170_0.jpg
401,0.60569,0174_c009_00044130_0.jpg
402,0.965314,0174_c010_00072765_0.jpg
403,0.714685,0174_c011_00072800_0.jpg
404,0.901907,0174_c012_00040335_0.jpg
405,0.819022,0174_c013_00040370_0.jpg
406,0.839907,0174_c017_00076990_1.jpg
407,1.0,0177_c001_00072055_0.jpg
408,0.977833,0177_c012_00070025_0.jpg
409,0.974346,0177_c013_00070070_0.jpg
410,1.0,0177_c014_00068590_0.jpg
411,0.987421,0177_c015_00068575_0.jpg
412,0.959243,0177_c016_00068270_0.jpg
413,1.0,0177_c017_00069490_0.jpg
414,0.677864,0179_c001_00028745_0.jpg
415,0.671208,0179_c002_00029105_0.jpg
416,0.655313,0179_c012_00028010_0.jpg
417,0.646401,0179_c013_00028075_0.jpg
418,0.748234,0179_c014_00026615_0.jpg
419,0.628715,0179_c015_00026620_1.jpg
420,0.64428,0179_c017_00027470_0.jpg
421,0.021663,0179_c019_00027620_0.jpg
422,0.95389,0180_c002_00046530_0.jpg
423,0.994095,0180_c003_00063135_0.jpg
424,0.916455,0180_c004_00044875_0.jpg
425,0.991566,0180_c006_00045600_0.jpg
426,0.95756,0180_c008_00044735_0.jpg
427,0.963434,0180_c009_00044805_0.jpg
428,0.990322,0180_c010_00045575_0.jpg
429,0.985424,0180_c011_00062375_1.jpg
430,0.934591,0182_c002_00041180_0.jpg
431,0.875596,0182_c003_00039435_0.jpg
432,0.991037,0182_c004_00039355_0.jpg
433,0.950555,0182_c006_00039900_0.jpg
434,0.863609,0182_c008_00039245_0.jpg
435,0.711674,0182_c009_00039315_0.jpg
436,0.925638,0182_c010_00039885_0.jpg
437,0.970193,0182_c011_00039845_0.jpg
438,0.993138,0183_c001_00026450_1.jpg
439,1.0,0183_c002_00025640_0.jpg
440,1.0,0183_c012_00027180_0.jpg
441,1.0,0183_c013_00027065_0.jpg
442,1.0,0183_c014_00028825_0.jpg
443,1.0,0183_c015_00028700_0.jpg
444,1.0,0183_c016_00029115_0.jpg
445,0.998021,0183_c017_00027825_0.jpg
446,1.0,0183_c019_00028110_0.jpg
447,0.742505,0188_c001_00050155_1.jpg
448,0.813645,0188_c002_00050790_1.jpg
449,0.912303,0188_c003_00054970_0.jpg
450,0.777514,0188_c004_00055000_0.jpg
451,0.947618,0188_c005_00055735_0.jpg
452,0.871693,0188_c006_00053360_0.jpg
453,0.84996,0188_c007_00055850_0.jpg
454,0.799727,0188_c008_00055320_0.jpg
455,0.756907,0188_c009_00055250_0.jpg
456,0.904019,0188_c010_00053545_0.jpg
457,0.83578,0188_c011_00053350_0.jpg
458,0.779048,0188_c012_00048585_0.jpg
459,0.861063,0188_c013_00048620_0.jpg
460,0.753862,0188_c014_00047140_0.jpg
461,0.921999,0188_c015_00047120_0.jpg
462,0.763971,0188_c016_00046980_0.jpg
463,0.76752,0188_c017_00047990_0.jpg
464,0.813492,0188_c019_00047725_0.jpg
465,1.0,0192_c003_00031745_0.jpg
466,0.996528,0192_c004_00031650_0.jpg
467,0.998506,0192_c005_00079340_0.jpg
468,0.999849,0192_c006_00032285_0.jpg
469,0.992682,0192_c007_00079460_0.jpg
470,0.96261,0192_c008_00031570_0.jpg
471,0.977027,0192_c009_00031635_0.jpg
472,0.98662,0192_c010_00032220_0.jpg
473,0.980293,0192_c011_00032245_0.jpg
474,1.0,0196_c003_00077975_0.jpg
475,1.0,0196_c004_00077855_0.jpg
476,1.0,0196_c006_00078425_0.jpg
477,1.0,0196_c008_00077735_0.jpg
478,1.0,0196_c009_00077835_0.jpg
479,1.0,0196_c010_00078435_0.jpg
480,1.0,0196_c011_00078440_0.jpg
481,0.657525,0197_c001_00026320_0.jpg
482,0.989618,0197_c012_00024895_0.jpg
483,0.94246,0197_c013_00025000_2.jpg
484,0.922633,0197_c014_00035580_0.jpg
485,0.91434,0197_c015_00035425_0.jpg
486,0.958291,0197_c016_00013475_0.jpg
487,0.990717,0197_c017_00024035_1.jpg
488,0.972387,0197_c019_00023660_0.jpg
489,0.740313,0205_c002_00054545_1.jpg
490,0.670122,0205_c003_00056520_0.jpg
491,0.973437,0205_c004_00056490_0.jpg
492,0.755079,0205_c005_00057145_0.jpg
493,0.983364,0205_c006_00055760_0.jpg
494,0.903882,0205_c007_00057315_0.jpg
495,0.821899,0205_c008_00056710_0.jpg
496,0.842564,0205_c009_00056670_0.jpg
497,0.794046,0205_c010_00055905_0.jpg
498,0.933485,0205_c011_00055725_0.jpg
499,0.630691,0207_c001_00029475_0.jpg
500,0.899407,0207_c012_00029135_0.jpg
501,0.923871,0207_c013_00029180_0.jpg
502,0.690228,0207_c014_00010170_0.jpg
503,0.89782,0207_c015_00010090_0.jpg
504,0.811333,0207_c016_00010480_1.jpg
505,0.687417,0207_c017_00009240_0.jpg
506,0.71733,0207_c019_00009530_0.jpg
507,0.730301,0216_c014_00089375_0.jpg
508,0.769272,0216_c015_00089195_0.jpg
509,1.0,0216_c016_00089725_0.jpg
510,0.942832,0218_c003_00043620_0.jpg
511,0.964872,0218_c004_00043495_0.jpg
512,0.957583,0218_c005_00067700_0.jpg
513,0.995872,0218_c006_00044160_0.jpg
514,0.958073,0218_c007_00067825_0.jpg
515,0.940723,0218_c008_00043350_0.jpg
516,0.943425,0218_c009_00043410_0.jpg
517,0.94441,0218_c010_00044135_0.jpg
518,0.986274,0218_c011_00044120_0.jpg
519,0.7502,0219_c001_00026305_1.jpg
520,0.753269,0219_c012_00026705_0.jpg
521,0.963923,0219_c013_00026615_1.jpg
522,0.710421,0219_c014_00027875_0.jpg
523,0.904031,0219_c015_00027760_0.jpg
524,0.97059,0219_c016_00028985_0.jpg
525,0.629423,0219_c017_00027085_0.jpg
526,0.903867,0219_c019_00027280_0.jpg
527,1.0,0231_c001_00038120_0.jpg
528,1.0,0231_c002_00038560_0.jpg
529,1.0,0231_c012_00036295_0.jpg
530,1.0,0231_c014_00035040_0.jpg
531,1.0,0231_c015_00034995_0.jpg
532,1.0,0231_c016_00034845_1.jpg
533,1.0,0231_c017_00035840_0.jpg
534,1.0,0231_c019_00035670_0.jpg
535,1.0,0237_c014_00065515_0.jpg
536,1.0,0237_c015_00065485_0.jpg
537,1.0,0237_c016_00065285_0.jpg
538,1.0,0240_c001_00045355_0.jpg
539,1.0,0240_c002_00044140_0.jpg
540,1.0,0240_c012_00046160_0.jpg
541,1.0,0240_c013_00046075_0.jpg
542,1.0,0240_c014_00047435_0.jpg
543,1.0,0240_c015_00047245_0.jpg
544,1.0,0240_c016_00047710_0.jpg
545,1.0,0240_c017_00046615_0.jpg
546,1.0,0240_c019_00046800_0.jpg
547,1.0,0241_c001_00033480_0.jpg
548,0.871004,0241_c002_00029810_0.jpg
549,0.998775,0241_c012_00034150_0.jpg
550,1.0,0241_c013_00034020_0.jpg
551,1.0,0241_c014_00035810_0.jpg
552,1.0,0241_c015_00035640_0.jpg
553,1.0,0241_c016_00036400_0.jpg
554,1.0,0241_c017_00034715_0.jpg
555,0.999141,0241_c019_00034985_0.jpg
556,1.0,0247_c001_00086435_0.jpg
557,1.0,0247_c002_00089940_0.jpg
558,1.0,0247_c012_00084215_0.jpg
559,1.0,0247_c013_00084275_0.jpg
560,1.0,0247_c014_00082340_0.jpg
561,1.0,0247_c015_00082380_0.jpg
562,1.0,0247_c016_00082105_0.jpg
563,1.0,0247_c017_00083635_0.jpg
564,1.0,0247_c019_00083350_0.jpg
565,0.592679,0249_c001_00019250_0.jpg
566,0.428173,0249_c002_00018350_1.jpg
567,0.627167,0249_c012_00019845_1.jpg
568,0.627154,0249_c013_00019735_0.jpg
569,0.511946,0249_c014_00021390_0.jpg
570,0.746249,0249_c015_00021280_0.jpg
571,0.71134,0249_c016_00021630_0.jpg
572,0.577859,0249_c017_00020505_0.jpg
573,0.467938,0249_c019_00020775_0.jpg
574,0.938664,0262_c001_00014355_0.jpg
575,0.948799,0262_c012_00019940_0.jpg
576,0.983705,0262_c013_00013515_0.jpg
577,0.949996,0262_c014_00021880_0.jpg
578,0.932846,0262_c015_00021765_0.jpg
579,0.98739,0262_c016_00022125_0.jpg
580,0.981566,0262_c017_00020795_1.jpg
581,0.924031,0262_c019_00021130_0.jpg
582,1.0,0273_c001_00040670_0.jpg
583,0.992669,0273_c002_00039190_1.jpg
584,1.0,0273_c003_00036590_0.jpg
585,0.97735,0273_c004_00036465_0.jpg
586,1.0,0273_c006_00037765_0.jpg
587,1.0,0273_c008_00036280_0.jpg
588,1.0,0273_c009_00036350_0.jpg
589,1.0,0273_c010_00037625_0.jpg
590,1.0,0273_c011_00037785_1.jpg
591,0.999888,0273_c012_00041175_0.jpg
592,0.999463,0273_c013_00041050_0.jpg
593,0.988631,0273_c014_00000540_1.jpg
594,0.997619,0273_c015_00044265_0.jpg
595,0.995547,0273_c016_00045345_0.jpg
596,0.999888,0273_c017_00042500_0.jpg
597,0.967732,0273_c019_00042810_0.jpg
598,1.0,0281_c001_00033830_0.jpg
599,1.0,0281_c002_00031880_0.jpg
600,1.0,0281_c003_00030185_0.jpg
601,1.0,0281_c004_00030085_0.jpg
602,1.0,0281_c006_00031000_0.jpg
603,1.0,0281_c008_00029935_0.jpg
604,1.0,0281_c009_00030010_0.jpg
605,1.0,0281_c010_00030780_0.jpg
606,1.0,0281_c011_00030970_0.jpg
607,1.0,0281_c012_00034420_0.jpg
608,1.0,0281_c013_00034275_0.jpg
609,1.0,0281_c014_00037925_0.jpg
610,1.0,0281_c015_00037740_0.jpg
611,1.0,0281_c016_00039645_0.jpg
612,1.0,0281_c017_00036150_0.jpg
613,1.0,0281_c019_00036455_0.jpg
614,0.637939,0288_c001_00064095_1.jpg
615,0.932207,0288_c002_00061675_0.jpg
616,0.963798,0288_c003_00028770_0.jpg
617,0.582298,0288_c004_00028640_0.jpg
618,0.70924,0288_c006_00029355_0.jpg
619,0.653653,0288_c008_00028550_0.jpg
620,0.941844,0288_c009_00028575_0.jpg
621,0.952545,0288_c010_00029300_0.jpg
622,0.670125,0288_c011_00029320_0.jpg
623,0.543258,0288_c012_00064570_0.jpg
624,0.9597,0288_c013_00064430_0.jpg
625,0.952162,0294_c003_00060980_0.jpg
626,0.814496,0294_c004_00060935_0.jpg
627,1.0,0294_c005_00061680_0.jpg
628,0.664665,0294_c007_00061875_0.jpg
629,0.972054,0294_c009_00061205_0.jpg
630,0.679395,0294_c010_00057310_0.jpg
631,0.400669,0295_c001_00038450_0.jpg
632,0.739298,0295_c002_00038855_0.jpg
633,0.447276,0295_c012_00038020_0.jpg
634,0.759608,0295_c013_00038040_0.jpg
635,0.779973,0295_c014_00036620_0.jpg
636,0.792054,0295_c015_00036585_0.jpg
637,0.64116,0295_c016_00036345_0.jpg
638,0.787995,0295_c017_00037490_0.jpg
639,0.709527,0295_c019_00037285_0.jpg
640,0.557747,0296_c001_00062155_0.jpg
641,0.979257,0296_c002_00062820_0.jpg
642,0.590969,0296_c012_00060375_0.jpg
643,0.949396,0296_c013_00060505_1.jpg
644,0.518501,0296_c014_00058475_0.jpg
645,0.799464,0296_c015_00058505_0.jpg
646,0.923425,0296_c016_00058220_1.jpg
647,0.789425,0296_c017_00059700_0.jpg
648,0.972924,0296_c019_00059405_1.jpg
649,0.424779,0298_c014_00045200_0.jpg
650,0.737801,0298_c015_00045200_0.jpg
651,0.769783,0298_c016_00044940_0.jpg
652,0.480538,0298_c017_00046265_0.jpg
653,0.764523,0298_c018_00046485_0.jpg
654,0.792449,0298_c019_00045845_1.jpg
655,0.865913,0299_c002_00076045_0.jpg
656,0.963494,0299_c003_00077715_0.jpg
657,0.804018,0299_c004_00077700_0.jpg
658,0.969616,0299_c005_00078445_0.jpg
659,0.688433,0299_c006_00076930_0.jpg
660,0.910008,0299_c008_00077935_0.jpg
661,0.974523,0299_c009_00077890_0.jpg
662,0.922177,0299_c010_00077080_0.jpg
663,0.71322,0299_c011_00076930_0.jpg
664,0.508705,0300_c001_00080740_0.jpg
665,0.763964,0300_c002_00081350_0.jpg
666,0.363687,0300_c012_00078670_0.jpg
667,0.756592,0300_c013_00078770_0.jpg
668,0.850931,0300_c014_00076845_0.jpg
669,0.861459,0300_c015_00076860_0.jpg
670,0.711022,0300_c016_00076610_0.jpg
671,0.807367,0300_c017_00077985_0.jpg
672,0.684376,0300_c019_00077665_0.jpg
673,0.605294,0306_c003_00016480_0.jpg
674,0.810812,0306_c004_00016435_0.jpg
675,0.37347,0306_c005_00081190_0.jpg
676,0.705106,0306_c007_00081280_0.jpg
677,0.786793,0306_c008_00014040_0.jpg
678,0.74581,0306_c009_00080910_0.jpg
679,0.935579,0310_c002_00014075_0.jpg
680,0.945592,0310_c003_00015920_0.jpg
681,0.993873,0310_c004_00015930_0.jpg
682,1.0,0310_c005_00016855_1.jpg
683,0.943317,0310_c006_00015025_0.jpg
684,0.654564,0310_c007_00017020_0.jpg
685,0.970508,0310_c008_00016235_0.jpg
686,0.614082,0310_c009_00016120_0.jpg
687,0.937666,0310_c010_00015150_0.jpg
688,0.929045,0310_c011_00014960_0.jpg
689,0.715183,0315_c001_00033425_0.jpg
690,0.577838,0315_c002_00027290_0.jpg
691,0.7526,0315_c003_00000615_0.jpg
692,0.550367,0315_c004_00000570_0.jpg
693,0.592129,0315_c006_00000110_0.jpg
694,0.62185,0315_c008_00000840_0.jpg
695,0.506874,0315_c009_00000755_0.jpg
696,0.763927,0315_c010_00000200_0.jpg
697,0.692637,0315_c011_00000055_0.jpg
698,0.703027,0315_c012_00034005_0.jpg
699,0.670313,0315_c013_00033890_0.jpg
700,0.704243,0315_c014_00035440_0.jpg
701,0.579311,0315_c015_00035180_0.jpg
702,0.751735,0315_c016_00035975_0.jpg
703,0.7091,0315_c017_00034470_0.jpg
704,0.586107,0315_c019_00034675_0.jpg
705,0.703389,0318_c001_00026120_0.jpg
706,0.775878,0318_c002_00004375_0.jpg
707,0.658629,0318_c003_00006125_0.jpg
708,0.704231,0318_c004_00006030_0.jpg
709,0.637841,0318_c005_00006845_1.jpg
710,0.572839,0318_c006_00005475_0.jpg
711,0.410898,0318_c007_00006930_0.jpg
712,0.664856,0318_c008_00006275_0.jpg
713,0.673931,0318_c009_00006170_0.jpg
714,0.796654,0318_c010_00005575_0.jpg
715,0.683877,0318_c011_00005410_0.jpg
716,0.722243,0318_c012_00024150_0.jpg
717,0.719109,0318_c013_00024200_0.jpg
718,0.702494,0318_c014_00022440_0.jpg
719,0.830168,0318_c015_00022445_0.jpg
720,0.576764,0318_c016_00022080_0.jpg
721,0.806769,0318_c017_00023530_0.jpg
722,0.745004,0318_c019_00023250_0.jpg
723,0.972442,0319_c003_00086405_0.jpg
724,0.991369,0319_c004_00086405_0.jpg
725,0.997954,0319_c005_00087165_0.jpg
726,0.985511,0319_c006_00085680_0.jpg
727,0.406192,0319_c007_00087255_0.jpg
728,0.985305,0319_c008_00086590_0.jpg
729,0.999132,0319_c009_00086575_0.jpg
730,0.967296,0319_c010_00085845_0.jpg
731,0.983808,0319_c011_00085680_0.jpg
732,0.999446,0322_c001_00040365_0.jpg
733,0.972814,0322_c002_00040895_0.jpg
734,0.955052,0322_c012_00039060_0.jpg
735,1.0,0322_c013_00039145_0.jpg
736,1.0,0322_c014_00037750_0.jpg
737,1.0,0322_c016_00037515_1.jpg
738,0.998918,0322_c017_00038520_0.jpg
739,1.0,0322_c019_00038315_0.jpg
740,0.995426,0326_c002_00085185_0.jpg
741,1.0,0326_c003_00087040_0.jpg
742,0.957259,0326_c004_00087065_0.jpg
743,0.973518,0326_c006_00086175_0.jpg
744,1.0,0326_c009_00089965_0.jpg
745,0.975216,0326_c010_00086345_0.jpg
746,0.974082,0326_c011_00086195_0.jpg
747,1.0,0327_c014_00043365_0.jpg
748,0.3163,0327_c016_00044175_0.jpg
749,1.0,0332_c001_00012620_0.jpg
750,1.0,0332_c012_00013090_0.jpg
751,1.0,0332_c013_00013010_0.jpg
752,1.0,0332_c014_00014950_0.jpg
753,1.0,0332_c015_00014810_0.jpg
754,1.0,0332_c016_00015860_0.jpg
755,1.0,0332_c017_00013675_0.jpg
756,1.0,0332_c019_00013905_0.jpg
757,0.948359,0337_c001_00073720_1.jpg
758,0.970729,0337_c002_00072490_0.jpg
759,0.981027,0337_c003_00071400_0.jpg
760,0.869167,0337_c004_00071290_0.jpg
761,0.818616,0337_c005_00035060_0.jpg
762,0.891122,0337_c006_00071825_0.jpg
763,0.323553,0337_c007_00035120_0.jpg
764,0.948791,0337_c008_00034140_0.jpg
765,0.858695,0337_c009_00034215_0.jpg
766,0.926432,0337_c010_00071815_0.jpg
767,0.948565,0337_c011_00071825_0.jpg
768,0.842037,0337_c012_00074185_1.jpg
769,0.889621,0337_c013_00074085_0.jpg
770,0.881661,0337_c014_00075810_0.jpg
771,0.772354,0337_c015_00075650_0.jpg
772,0.907109,0337_c016_00076820_0.jpg
773,0.924563,0337_c017_00074835_0.jpg
774,0.908171,0337_c019_00075050_1.jpg
775,0.041955,0344_c001_00034120_0.jpg
776,0.965693,0344_c012_00034575_0.jpg
777,0.978341,0344_c013_00034465_0.jpg
778,0.940319,0344_c014_00036000_0.jpg
779,0.962016,0344_c015_00035855_0.jpg
780,0.969103,0344_c016_00037135_0.jpg
781,0.941118,0344_c017_00035175_1.jpg
782,0.979307,0344_c019_00035400_0.jpg
783,1.0,0357_c014_00069330_0.jpg
784,0.339457,0357_c015_00069380_0.jpg
785,0.748437,0361_c001_00035850_0.jpg
786,0.819459,0361_c002_00074570_1.jpg
787,0.90472,0361_c003_00072950_0.jpg
788,0.710186,0361_c004_00072820_0.jpg
789,0.679814,0361_c006_00073545_0.jpg
790,0.891882,0361_c008_00072665_0.jpg
791,0.863943,0361_c009_00072765_0.jpg
792,0.930313,0361_c010_00073525_0.jpg
793,0.539705,0361_c011_00073555_0.jpg
794,0.582642,0361_c013_00036340_0.jpg
795,0.486255,0361_c014_00038035_0.jpg
796,0.739285,0361_c015_00037850_0.jpg
797,0.851947,0361_c016_00038750_0.jpg
798,0.63684,0361_c017_00036915_0.jpg
799,0.701478,0361_c019_00037125_0.jpg
800,0.773917,0365_c001_00026500_0.jpg
801,0.858363,0365_c002_00025690_0.jpg
802,0.84207,0365_c003_00034590_0.jpg
803,0.828302,0365_c004_00034510_0.jpg
804,0.883388,0365_c006_00033770_0.jpg
805,0.693208,0365_c008_00086170_0.jpg
806,0.905555,0365_c009_00086255_0.jpg
807,0.835355,0365_c010_00033870_0.jpg
808,0.904201,0365_c011_00033705_0.jpg
809,0.834565,0365_c012_00028980_0.jpg
810,0.820337,0365_c013_00030300_0.jpg
811,0.990499,0368_c001_00062060_0.jpg
812,0.988553,0368_c002_00062710_0.jpg
813,0.98818,0368_c003_00065490_0.jpg
814,0.999167,0368_c004_00065470_0.jpg
815,0.992365,0368_c005_00066345_1.jpg
816,0.994641,0368_c006_00064855_0.jpg
817,0.995145,0368_c007_00066470_0.jpg
818,0.985075,0368_c008_00065730_0.jpg
819,0.999467,0368_c009_00065690_0.jpg
820,0.992286,0368_c010_00064960_0.jpg
821,0.991493,0368_c011_00064830_0.jpg
822,0.993995,0368_c012_00060970_0.jpg
823,0.985646,0368_c013_00061040_0.jpg
824,1.0,0368_c018_00060270_0.jpg
825,0.891224,0369_c001_00001110_0.jpg
826,0.625543,0369_c012_00034500_0.jpg
827,0.651143,0369_c013_00000985_0.jpg
828,0.661046,0369_c014_00035910_0.jpg
829,0.79972,0369_c015_00035755_0.jpg
830,0.69908,0369_c016_00037090_0.jpg
831,0.901929,0369_c017_00000430_0.jpg
832,0.653635,0369_c019_00000190_0.jpg
833,0.750386,0371_c014_00063115_0.jpg
834,0.790305,0371_c015_00063095_0.jpg
835,0.84696,0371_c016_00062875_0.jpg
836,0.84167,0371_c017_00063965_0.jpg
837,0.846218,0371_c019_00063695_0.jpg
838,0.36677,0373_c003_00075995_0.jpg
839,0.321375,0373_c004_00075885_0.jpg
840,0.251151,0373_c006_00076550_1.jpg
841,0.26934,0373_c010_00076565_0.jpg
842,0.261796,0373_c011_00076565_0.jpg
843,0.970856,0380_c001_00064470_0.jpg
844,0.884297,0380_c002_00062750_0.jpg
845,0.982845,0380_c003_00060890_0.jpg
846,0.987254,0380_c004_00060750_0.jpg
847,0.829706,0380_c006_00061585_1.jpg
848,0.955683,0380_c008_00060635_0.jpg
849,0.99372,0380_c009_00060705_0.jpg
850,0.942968,0380_c010_00061585_0.jpg
851,0.896638,0380_c011_00061570_0.jpg
852,0.905248,0380_c012_00065145_0.jpg
853,0.997037,0380_c013_00064910_0.jpg
854,0.971094,0380_c014_00067690_0.jpg
855,0.784769,0380_c015_00067505_0.jpg
856,0.892646,0380_c016_00068530_0.jpg
857,0.973044,0380_c017_00066340_0.jpg
858,0.991569,0380_c019_00066610_0.jpg
859,1.0,0385_c014_00037580_0.jpg
860,1.0,0385_c015_00037575_0.jpg
861,1.0,0385_c016_00048285_0.jpg
862,0.999471,0385_c017_00038400_0.jpg
863,0.989591,0385_c019_00038185_0.jpg
864,0.231785,0388_c003_00070995_0.jpg
865,0.733508,0388_c005_00071590_0.jpg
866,0.208518,0388_c007_00071705_0.jpg
867,0.779616,0388_c008_00071180_0.jpg
868,0.792295,0388_c009_00071140_0.jpg
869,0.589877,0391_c001_00033370_0.jpg
870,0.893541,0391_c002_00030285_0.jpg
871,0.889099,0391_c012_00033975_0.jpg
872,0.849588,0391_c013_00033840_0.jpg
873,0.908565,0391_c014_00035670_0.jpg
874,0.887985,0391_c015_00035500_0.jpg
875,0.558412,0391_c016_00036770_0.jpg
876,0.85508,0391_c017_00034665_0.jpg
877,0.900281,0392_c001_00003315_0.jpg
878,0.982013,0392_c012_00002900_0.jpg
879,0.717222,0392_c013_00027650_0.jpg
880,0.842867,0392_c014_00000655_1.jpg
881,0.962539,0392_c015_00000840_0.jpg
882,0.748078,0392_c016_00029765_0.jpg
883,0.906024,0392_c017_00002240_0.jpg
884,0.975601,0398_c001_00043260_0.jpg
885,0.981695,0398_c002_00042155_0.jpg
886,0.981173,0398_c012_00043855_0.jpg
887,0.97963,0398_c013_00043740_0.jpg
888,0.979009,0398_c014_00045705_0.jpg
889,0.979525,0398_c015_00045525_0.jpg
890,0.985117,0398_c016_00046245_0.jpg
891,0.979941,0398_c017_00044615_0.jpg
892,0.977494,0398_c019_00044935_0.jpg
893,0.96501,0402_c001_00017020_0.jpg
894,0.862713,0402_c002_00016070_0.jpg
895,0.685702,0402_c003_00056010_0.jpg
896,0.969838,0402_c004_00055990_0.jpg
897,0.93029,0402_c006_00055365_0.jpg
898,0.716389,0402_c010_00055505_0.jpg
899,0.891388,0402_c011_00055360_0.jpg
900,0.985938,0402_c012_00017695_0.jpg
901,0.899665,0402_c013_00017525_0.jpg
902,0.991097,0402_c014_00048185_0.jpg
903,0.852198,0402_c015_00019425_0.jpg
904,0.858811,0402_c016_00019805_0.jpg
905,0.927139,0402_c017_00018490_0.jpg
906,0.95783,0402_c019_00018820_0.jpg
907,0.718354,0404_c001_00017345_0.jpg
908,0.713603,0404_c012_00015775_0.jpg
909,0.549166,0404_c013_00015910_0.jpg
910,0.644415,0404_c014_00013675_0.jpg
911,0.25274,0404_c015_00043655_0.jpg
912,0.743954,0404_c016_00013245_0.jpg
913,0.69075,0404_c017_00015180_0.jpg
914,0.539897,0404_c019_00014900_0.jpg
915,0.723017,0405_c001_00007305_0.jpg
916,0.827488,0405_c002_00006795_0.jpg
917,0.729652,0405_c003_00046195_0.jpg
918,0.811694,0405_c004_00046160_0.jpg
919,0.794836,0405_c006_00045615_0.jpg
920,0.774564,0405_c010_00045750_1.jpg
921,0.797304,0405_c011_00045595_0.jpg
922,0.845433,0405_c012_00007995_0.jpg
923,0.824634,0405_c013_00007850_0.jpg
924,0.76553,0405_c014_00009965_0.jpg
925,0.808267,0405_c015_00009840_0.jpg
926,0.78272,0405_c016_00010335_0.jpg
927,0.805324,0405_c017_00008860_0.jpg
928,0.79911,0405_c019_00064340_0.jpg
929,0.9871,0416_c001_00019975_0.jpg
930,0.976276,0416_c012_00020440_0.jpg
931,0.861442,0416_c013_00020300_0.jpg
932,0.954825,0416_c014_00022380_0.jpg
933,0.794855,0416_c015_00022250_0.jpg
934,0.971324,0416_c016_00023795_0.jpg
935,0.895728,0416_c017_00021215_0.jpg
936,0.917249,0416_c019_00021555_0.jpg
937,0.927904,0417_c003_00088715_0.jpg
938,0.486036,0417_c004_00088660_0.jpg
939,0.99359,0417_c010_00088045_0.jpg
940,0.320476,0418_c012_00006110_0.jpg
941,0.336807,0418_c013_00006005_0.jpg
942,1.0,0420_c003_00063645_0.jpg
943,0.918604,0420_c004_00063505_1.jpg
944,0.969497,0420_c006_00064075_1.jpg
945,0.994329,0420_c008_00063425_0.jpg
946,1.0,0420_c009_00063480_0.jpg
947,1.0,0420_c010_00064065_0.jpg
948,0.970731,0420_c011_00064055_0.jpg
949,0.991433,0421_c001_00064115_0.jpg
950,1.0,0421_c002_00064765_0.jpg
951,1.0,0421_c012_00062860_0.jpg
952,0.992629,0421_c013_00062920_0.jpg
953,0.992808,0421_c014_00060810_0.jpg
954,1.0,0421_c015_00060860_0.jpg
955,0.997837,0421_c016_00060530_0.jpg
956,1.0,0421_c017_00062205_0.jpg
957,1.0,0421_c019_00061820_0.jpg
958,0.979674,0427_c003_00006615_1.jpg
959,0.989595,0427_c005_00007295_0.jpg
960,1.0,0427_c007_00007385_0.jpg
961,0.990113,0427_c008_00006890_0.jpg
962,1.0,0427_c009_00006790_0.jpg
963,1.0,0446_c001_00066450_0.jpg
964,1.0,0446_c002_00066995_0.jpg
965,1.0,0446_c003_00070100_0.jpg
966,1.0,0446_c004_00070105_0.jpg
967,0.999943,0446_c006_00069300_0.jpg
968,1.0,0446_c010_00069440_0.jpg
969,1.0,0446_c011_00069290_0.jpg
970,1.0,0446_c012_00064260_0.jpg
971,1.0,0446_c013_00065950_0.jpg
972,1.0,0446_c014_00006235_0.jpg
973,1.0,0446_c015_00033070_0.jpg
974,1.0,0446_c016_00041835_0.jpg
975,1.0,0446_c017_00007230_0.jpg
976,1.0,0446_c018_00043225_0.jpg
977,1.0,0446_c019_00006935_0.jpg
978,1.0,0450_c003_00049530_0.jpg
979,1.0,0450_c008_00049790_0.jpg
980,1.0,0450_c009_00049760_0.jpg
981,1.0,0456_c014_00009165_0.jpg
982,1.0,0456_c015_00008975_0.jpg
983,1.0,0456_c015_00008980_0.jpg
984,1.0,0456_c016_00010490_0.jpg
985,1.0,0456_c019_00000160_0.jpg
986,0.89726,0461_c001_00015010_0.jpg
987,1.0,0461_c012_00015555_0.jpg
988,0.981493,0461_c013_00015435_0.jpg
989,0.99819,0461_c014_00017305_0.jpg
990,0.998268,0461_c015_00017165_0.jpg
991,0.99819,0461_c016_00018425_0.jpg
992,1.0,0461_c017_00016310_0.jpg
993,0.541596,0467_c003_00057085_0.jpg
994,0.536388,0467_c005_00057805_0.jpg
995,0.222516,0467_c007_00057885_0.jpg
996,0.567369,0467_c008_00057345_0.jpg
997,0.591304,0467_c009_00057295_0.jpg
998,0.606401,0467_c014_00014430_0.jpg
999,0.550971,0467_c015_00014570_0.jpg
1000,0.748834,0467_c016_00011505_0.jpg
1001,0.558544,0467_c017_00015665_0.jpg
1002,0.645848,0467_c019_00015285_0.jpg
1003,0.187052,0473_c001_00005555_0.jpg
1004,0.505084,0473_c003_00030835_1.jpg
1005,0.480904,0473_c004_00030820_0.jpg
1006,0.413604,0473_c006_00030395_0.jpg
1007,0.624269,0473_c008_00031000_0.jpg
1008,0.534178,0473_c009_00030970_0.jpg
1009,0.651959,0473_c010_00030540_0.jpg
1010,0.421554,0473_c011_00030345_0.jpg
1011,0.704502,0473_c012_00005170_0.jpg
1012,0.845024,0473_c013_00005205_0.jpg
1013,0.729859,0473_c017_00004770_0.jpg
1014,0.270656,0473_c019_00004560_0.jpg
1015,0.90385,0476_c001_00014135_0.jpg
1016,0.999141,0476_c002_00014855_0.jpg
1017,0.983718,0476_c006_00017355_1.jpg
1018,0.942667,0476_c012_00012070_0.jpg
1019,0.99691,0476_c013_00012130_0.jpg
1020,0.99262,0476_c014_00010440_0.jpg
1021,0.999167,0476_c015_00010460_1.jpg
1022,0.997873,0476_c016_00010230_0.jpg
1023,0.995509,0476_c017_00011405_0.jpg
1024,1.0,0476_c019_00011135_0.jpg
1025,0.924923,0477_c001_00019410_1.jpg
1026,0.910437,0477_c002_00019730_1.jpg
1027,0.915917,0477_c003_00060110_0.jpg
1028,0.907101,0477_c004_00060040_0.jpg
1029,0.314745,0477_c005_00060760_1.jpg
1030,0.871699,0477_c006_00059215_1.jpg
1031,0.13479,0477_c007_00060835_0.jpg
1032,0.473354,0477_c008_00060365_0.jpg
1033,0.939129,0477_c009_00060320_0.jpg
1034,0.907957,0477_c010_00059440_0.jpg
1035,0.890552,0477_c011_00059260_0.jpg
1036,0.70835,0477_c012_00019305_0.jpg
1037,0.918121,0477_c013_00019320_0.jpg
1038,0.813774,0477_c014_00018055_0.jpg
1039,0.888312,0477_c015_00018040_0.jpg
1040,0.869386,0477_c016_00017835_0.jpg
1041,0.873159,0477_c019_00018545_0.jpg
1042,0.675936,0480_c001_00022180_0.jpg
1043,0.560115,0480_c012_00020345_0.jpg
1044,0.61239,0480_c013_00020385_0.jpg
1045,0.799586,0480_c014_00018625_0.jpg
1046,0.636907,0480_c015_00018640_0.jpg
1047,0.519138,0480_c016_00018315_0.jpg
1048,0.614057,0480_c017_00019710_0.jpg
1049,0.564529,0480_c019_00019365_0.jpg
1050,0.607738,0482_c001_00045870_0.jpg
1051,0.691107,0482_c002_00049855_0.jpg
1052,0.745879,0482_c003_00053940_1.jpg
1053,0.638962,0482_c004_00053910_0.jpg
1054,0.79142,0482_c005_00054705_0.jpg
1055,0.510619,0482_c006_00052845_0.jpg
1056,0.785824,0482_c007_00054845_0.jpg
1057,0.707237,0482_c008_00054190_0.jpg
1058,0.793862,0482_c009_00054140_0.jpg
1059,0.727281,0482_c010_00053005_0.jpg
1060,0.49007,0482_c011_00052840_0.jpg
1061,0.688739,0485_c003_00050580_1.jpg
1062,0.168316,0485_c004_00050570_0.jpg
1063,0.656836,0485_c005_00051180_1.jpg
1064,0.60338,0485_c008_00050780_0.jpg
1065,0.482407,0485_c009_00050760_0.jpg
1066,0.804351,0485_c010_00050170_0.jpg
1067,0.917482,0486_c002_00038210_0.jpg
1068,0.890489,0486_c003_00039780_0.jpg
1069,0.931304,0486_c004_00039780_0.jpg
1070,0.956514,0486_c005_00040620_0.jpg
1071,0.780078,0486_c006_00038990_0.jpg
1072,0.694048,0486_c007_00040755_0.jpg
1073,0.612658,0486_c008_00040095_0.jpg
1074,0.897467,0486_c009_00040075_0.jpg
1075,0.807287,0486_c010_00039135_0.jpg
1076,0.825148,0486_c011_00038910_0.jpg
1077,0.956088,0486_c014_00074890_0.jpg
1078,0.988797,0486_c015_00075090_1.jpg
1079,0.958981,0486_c016_00074625_0.jpg
1080,0.908189,0489_c002_00076095_0.jpg
1081,0.907752,0489_c003_00084675_0.jpg
1082,0.684212,0489_c004_00084680_0.jpg
1083,0.977619,0489_c005_00085585_1.jpg
1084,0.766305,0489_c006_00076970_0.jpg
1085,0.926981,0489_c007_00085705_0.jpg
1086,0.881542,0489_c008_00084940_0.jpg
1087,0.960976,0489_c009_00084905_0.jpg
1088,0.916392,0489_c010_00077140_0.jpg
1089,0.753063,0489_c011_00076975_0.jpg
1090,1.0,0494_c002_00022665_0.jpg
1091,1.0,0494_c003_00021505_1.jpg
1092,1.0,0494_c004_00021435_1.jpg
1093,1.0,0494_c006_00022070_0.jpg
1094,0.998925,0494_c010_00022045_0.jpg
1095,1.0,0494_c011_00022030_1.jpg
1096,0.979087,0507_c002_00051790_0.jpg
1097,0.974534,0507_c003_00055800_0.jpg
1098,0.804331,0507_c004_00055800_0.jpg
1099,0.870358,0507_c006_00055085_0.jpg
1100,0.943387,0507_c008_00056090_0.jpg
1101,0.939264,0507_c009_00056020_0.jpg
1102,0.98376,0507_c010_00055220_0.jpg
1103,0.836734,0507_c011_00055080_0.jpg
1104,0.547059,0510_c002_00031940_1.jpg
1105,0.377489,0510_c003_00030245_0.jpg
1106,0.369182,0510_c004_00030145_0.jpg
1107,0.522837,0510_c006_00031090_1.jpg
1108,0.700668,0510_c008_00029985_0.jpg
1109,0.594151,0510_c009_00030045_0.jpg
1110,0.498068,0510_c010_00030855_1.jpg
1111,0.499889,0510_c011_00031060_0.jpg
1112,0.998918,0515_c014_00056685_0.jpg
1113,0.934349,0515_c015_00054210_0.jpg
1114,0.995263,0515_c016_00056980_0.jpg
1115,0.892129,0515_c017_00055325_0.jpg
1116,0.996298,0515_c019_00055070_0.jpg
1117,0.959535,0518_c014_00044550_0.jpg
1118,0.933456,0518_c015_00044535_0.jpg
1119,0.987517,0518_c016_00044315_0.jpg
1120,0.918948,0518_c017_00046080_0.jpg
1121,0.828175,0518_c018_00046755_0.jpg
1122,1.0,0518_c019_00045545_0.jpg
1123,0.998025,0522_c002_00037025_0.jpg
1124,0.999727,0522_c003_00039630_1.jpg
1125,1.0,0522_c004_00039575_1.jpg
1126,0.976733,0522_c006_00038790_0.jpg
1127,0.999185,0522_c010_00039000_0.jpg
1128,0.988931,0522_c011_00038715_0.jpg
1129,0.664012,0541_c001_00055075_0.jpg
1130,0.575779,0541_c002_00053275_0.jpg
1131,0.709492,0541_c003_00051305_0.jpg
1132,0.629129,0541_c004_00051185_0.jpg
1133,0.606363,0541_c006_00051895_0.jpg
1134,0.706059,0541_c008_00051050_0.jpg
1135,0.692403,0541_c009_00051135_0.jpg
1136,0.680918,0541_c010_00051880_0.jpg
1137,0.616984,0541_c011_00051890_0.jpg
1138,0.75328,0541_c013_00055810_0.jpg
1139,1.0,0543_c002_00001550_0.jpg
1140,0.987751,0543_c003_00000355_0.jpg
1141,0.9876,0543_c004_00000215_0.jpg
1142,0.894728,0543_c006_00000920_1.jpg
1143,0.99777,0543_c008_00000120_0.jpg
1144,0.995036,0543_c009_00000135_0.jpg
1145,1.0,0543_c010_00000850_0.jpg
1146,0.936355,0543_c011_00000875_0.jpg
1147,0.990628,0545_c002_00017280_0.jpg
1148,0.980773,0545_c003_00015105_0.jpg
1149,0.84931,0545_c004_00014955_0.jpg
1150,0.85072,0545_c006_00015685_0.jpg
1151,1.0,0545_c008_00014830_0.jpg
1152,0.998622,0545_c009_00014850_0.jpg
1153,0.998139,0545_c010_00015630_0.jpg
1154,0.829171,0545_c011_00015665_0.jpg
1155,0.959144,0545_c016_00010735_0.jpg
1156,0.982694,0546_c001_00016910_0.jpg
1157,0.998652,0546_c002_00017345_0.jpg
1158,0.99807,0546_c003_00020385_0.jpg
1159,0.995787,0546_c004_00020355_0.jpg
1160,0.995843,0546_c005_00021020_0.jpg
1161,0.996317,0546_c006_00019740_0.jpg
1162,0.473092,0546_c007_00021155_0.jpg
1163,0.984508,0546_c008_00020615_0.jpg
1164,0.99782,0546_c009_00020520_0.jpg
1165,0.997754,0546_c010_00019865_0.jpg
1166,0.993149,0546_c011_00019685_0.jpg
1167,0.970745,0546_c012_00016535_0.jpg
1168,0.998892,0546_c013_00016620_0.jpg
1169,0.9936,0546_c015_00014980_0.jpg
1170,0.961964,0546_c017_00015860_0.jpg
1171,0.998025,0546_c019_00015605_0.jpg
1172,0.977109,0554_c002_00017665_1.jpg
1173,0.973953,0554_c003_00020860_0.jpg
1174,0.816314,0554_c004_00020845_0.jpg
1175,0.995318,0554_c005_00021555_0.jpg
1176,0.907368,0554_c006_00019865_0.jpg
1177,0.874467,0554_c007_00021690_0.jpg
1178,0.917109,0554_c008_00021085_0.jpg
1179,0.704011,0554_c009_00020995_0.jpg
1180,0.97914,0554_c010_00020055_0.jpg
1181,0.860893,0554_c011_00019790_0.jpg
1182,1.0,0566_c001_00036440_0.jpg
1183,1.0,0566_c012_00036890_1.jpg
1184,1.0,0566_c013_00036785_1.jpg
1185,0.998256,0566_c014_00038560_0.jpg
1186,1.0,0566_c015_00038395_0.jpg
1187,1.0,0566_c016_00039570_0.jpg
1188,0.996739,0566_c017_00037645_1.jpg
1189,1.0,0566_c019_00037925_0.jpg
1190,1.0,0569_c001_00088525_0.jpg
1191,1.0,0569_c012_00087820_0.jpg
1192,1.0,0569_c013_00087965_0.jpg
1193,1.0,0569_c014_00085520_0.jpg
1194,1.0,0569_c015_00085570_0.jpg
1195,1.0,0569_c016_00085320_0.jpg
1196,1.0,0569_c017_00087040_0.jpg
1197,0.801521,0570_c005_00070475_0.jpg
1198,0.904228,0570_c007_00070555_0.jpg
1199,0.984247,0570_c008_00070035_0.jpg
1200,0.631694,0570_c009_00069665_0.jpg
1201,0.851761,0576_c001_00062710_0.jpg
1202,0.942278,0576_c012_00063160_1.jpg
1203,0.74167,0576_c013_00063005_0.jpg
1204,0.927953,0576_c014_00073870_0.jpg
1205,0.977871,0576_c015_00067790_0.jpg
1206,0.90974,0576_c016_00068685_0.jpg
1207,0.841466,0576_c017_00064305_0.jpg
1208,0.800287,0576_c019_00066850_0.jpg
1209,0.798019,0581_c003_00087825_0.jpg
1210,0.272224,0581_c004_00087760_0.jpg
1211,0.640925,0581_c008_00087505_0.jpg
1212,0.781071,0581_c009_00087610_0.jpg
1213,0.785279,0582_c001_00026170_0.jpg
1214,0.974399,0582_c002_00026655_0.jpg
1215,0.590779,0582_c003_00030300_0.jpg
1216,0.801217,0582_c004_00030305_0.jpg
1217,0.659086,0582_c006_00028835_0.jpg
1218,0.761144,0582_c010_00028915_0.jpg
1219,0.644101,0582_c011_00028785_0.jpg
1220,0.796238,0582_c012_00024790_0.jpg
1221,0.795449,0582_c013_00024830_0.jpg
1222,0.766101,0582_c014_00023560_0.jpg
1223,0.754284,0582_c015_00023550_0.jpg
1224,0.755933,0582_c016_00023330_0.jpg
1225,0.825471,0582_c017_00024180_1.jpg
1226,0.790681,0582_c019_00023995_0.jpg
1227,0.919861,0584_c001_00060130_0.jpg
1228,0.991871,0584_c012_00060630_0.jpg
1229,0.747147,0584_c013_00060505_0.jpg
1230,0.939971,0584_c014_00062075_0.jpg
1231,0.725657,0584_c015_00061925_0.jpg
1232,0.778056,0584_c016_00062400_0.jpg
1233,0.96465,0584_c017_00061160_0.jpg
1234,0.711043,0584_c019_00061385_0.jpg
1235,0.838738,0585_c001_00005115_1.jpg
1236,0.902222,0585_c002_00005785_0.jpg
1237,0.8537,0585_c003_00008375_0.jpg
1238,0.860052,0585_c004_00008295_0.jpg
1239,0.791128,0585_c006_00007720_0.jpg
1240,0.838774,0585_c008_00024905_0.jpg
1241,0.92396,0585_c009_00024930_0.jpg
1242,0.804831,0585_c010_00007845_0.jpg
1243,0.874953,0585_c011_00007635_0.jpg
1244,0.751486,0585_c012_00004420_0.jpg
1245,0.936401,0585_c013_00004515_1.jpg
1246,0.883061,0585_c014_00031435_0.jpg
1247,0.903012,0585_c015_00031185_0.jpg
1248,0.920107,0585_c016_00066285_0.jpg
1249,0.919633,0585_c017_00029420_0.jpg
1250,0.922924,0585_c019_00029685_0.jpg
1251,0.637948,0586_c001_00048525_1.jpg
1252,0.590262,0586_c002_00069790_0.jpg
1253,0.680823,0586_c012_00066775_0.jpg
1254,0.241371,0586_c013_00066485_0.jpg
1255,0.56293,0588_c001_00060430_0.jpg
1256,0.5147,0588_c012_00061010_0.jpg
1257,0.465577,0588_c013_00060870_0.jpg
1258,0.567711,0588_c014_00062350_0.jpg
1259,0.585745,0588_c015_00062195_0.jpg
1260,0.932718,0588_c016_00063120_0.jpg
1261,0.615257,0588_c017_00061485_0.jpg
1262,0.563781,0588_c019_00061640_0.jpg
1263,0.504923,0590_c001_00046520_0.jpg
1264,0.461287,0590_c012_00046980_0.jpg
1265,0.675243,0590_c013_00046865_0.jpg
1266,0.459072,0590_c014_00048785_0.jpg
1267,0.745398,0590_c015_00048575_0.jpg
1268,0.558258,0590_c016_00049195_0.jpg
1269,0.44087,0590_c017_00047680_1.jpg
1270,0.488773,0590_c019_00047955_0.jpg
1271,0.800601,0593_c014_00042725_1.jpg
1272,0.818162,0593_c015_00042690_0.jpg
1273,0.616008,0593_c016_00042450_0.jpg
1274,0.916437,0593_c017_00043870_0.jpg
1275,0.91263,0593_c019_00043405_0.jpg
1276,0.332376,0597_c003_00003195_0.jpg
1277,0.54836,0597_c004_00003305_0.jpg
1278,0.872553,0597_c005_00066170_1.jpg
1279,0.720348,0597_c007_00066300_0.jpg
1280,0.443786,0597_c008_00065515_0.jpg
1281,0.669799,0597_c009_00065420_0.jpg
1282,0.836534,0598_c001_00047560_0.jpg
1283,0.696502,0598_c002_00045760_0.jpg
1284,0.992039,0598_c003_00042875_0.jpg
1285,0.894046,0598_c004_00042750_0.jpg
1286,0.97746,0598_c006_00043515_0.jpg
1287,0.973093,0598_c008_00042580_0.jpg
1288,0.982659,0598_c009_00042685_0.jpg
1289,0.978701,0598_c010_00043485_0.jpg
1290,0.985313,0598_c011_00043470_0.jpg
1291,0.977483,0598_c012_00065425_0.jpg
1292,0.923869,0598_c013_00065305_0.jpg
1293,0.714528,0598_c014_00067845_0.jpg
1294,0.770277,0598_c015_00067680_0.jpg
1295,0.918405,0598_c016_00068570_0.jpg
1296,0.966953,0598_c017_00066240_1.jpg
1297,0.904431,0598_c019_00066820_0.jpg
1298,0.411708,0602_c001_00024040_0.jpg
1299,0.696539,0602_c002_00024415_0.jpg
1300,0.715468,0602_c003_00027235_1.jpg
1301,0.486842,0602_c004_00027200_1.jpg
1302,0.747256,0602_c005_00028175_2.jpg
1303,0.454749,0602_c006_00026435_0.jpg
1304,0.402939,0602_c007_00028295_0.jpg
1305,0.699745,0602_c008_00027550_0.jpg
1306,0.74323,0602_c009_00027445_0.jpg
1307,0.688078,0602_c010_00026535_0.jpg
1308,0.518716,0602_c011_00026385_0.jpg
1309,0.619012,0602_c012_00023580_0.jpg
1310,0.766421,0602_c013_00023625_0.jpg
1311,0.732544,0602_c014_00033010_0.jpg
1312,0.814058,0602_c015_00022160_0.jpg
1313,0.740827,0602_c016_00021875_0.jpg
1314,0.83485,0602_c017_00033950_1.jpg
1315,0.781884,0602_c019_00022775_1.jpg
1316,0.982964,0606_c014_00087235_0.jpg
1317,0.706858,0606_c015_00087330_0.jpg
1318,0.815534,0606_c016_00086950_0.jpg
1319,0.882193,0606_c017_00088970_0.jpg
1320,0.69333,0606_c018_00089190_0.jpg
1321,0.779655,0609_c001_00014095_0.jpg
1322,0.639157,0609_c002_00043530_0.jpg
1323,0.586325,0609_c003_00011260_0.jpg
1324,0.835647,0609_c004_00042260_0.jpg
1325,0.80182,0609_c006_00011875_1.jpg
1326,0.626727,0609_c008_00042000_1.jpg
1327,0.608417,0609_c009_00042160_1.jpg
1328,0.694609,0609_c010_00042940_0.jpg
1329,0.80717,0609_c011_00011805_0.jpg
1330,0.635748,0609_c012_00014500_0.jpg
1331,0.66995,0609_c013_00014425_0.jpg
1332,0.68528,0609_c014_00015585_0.jpg
1333,0.70916,0609_c015_00015485_0.jpg
1334,0.694811,0609_c016_00015955_0.jpg
1335,0.689262,0609_c017_00014915_0.jpg
1336,0.620095,0609_c019_00015075_0.jpg
1337,0.912911,0610_c001_00074490_1.jpg
1338,0.995791,0610_c002_00085225_1.jpg
1339,0.991024,0610_c003_00086635_0.jpg
1340,0.992324,0610_c004_00086625_0.jpg
1341,0.999162,0610_c005_00087250_0.jpg
1342,0.955931,0610_c006_00086000_0.jpg
1343,0.989984,0610_c007_00087330_0.jpg
1344,0.99675,0610_c008_00086800_0.jpg
1345,0.988477,0610_c009_00086790_0.jpg
1346,0.99696,0610_c010_00086235_0.jpg
1347,0.932339,0610_c011_00086015_1.jpg
1348,0.97903,0610_c012_00073215_0.jpg
1349,0.983504,0610_c013_00073325_0.jpg
1350,0.957747,0610_c014_00071175_0.jpg
1351,0.98034,0610_c015_00071190_0.jpg
1352,0.976889,0610_c016_00070920_0.jpg
1353,0.964642,0610_c017_00072375_0.jpg
1354,0.99617,0610_c019_00072045_0.jpg
1355,0.709859,0612_c002_00088805_0.jpg
1356,0.892729,0612_c003_00087520_0.jpg
1357,0.889607,0612_c004_00087435_0.jpg
1358,0.886141,0612_c006_00087945_0.jpg
1359,0.748778,0612_c008_00087235_0.jpg
1360,0.932102,0612_c009_00087365_0.jpg
1361,0.921538,0612_c010_00087950_0.jpg
1362,0.780142,0612_c011_00087990_1.jpg
1363,0.572657,0614_c014_00089430_0.jpg
1364,0.599366,0614_c015_00089245_0.jpg
1365,0.663245,0614_c016_00089755_0.jpg
1366,0.783941,0614_c017_00087845_0.jpg
1367,0.666261,0614_c019_00088090_0.jpg
1368,0.407152,0615_c003_00007905_0.jpg
1369,0.308706,0615_c004_00007885_0.jpg
1370,0.354376,0615_c005_00008845_0.jpg
1371,0.356345,0615_c006_00007100_0.jpg
1372,0.134375,0615_c007_00008925_0.jpg
1373,0.409865,0615_c008_00008285_0.jpg
1374,0.495801,0615_c009_00008140_0.jpg
1375,0.362634,0615_c010_00007210_1.jpg
1376,0.346972,0615_c011_00007000_1.jpg
1377,1.0,0622_c014_00065600_0.jpg
1378,0.960145,0622_c015_00065805_0.jpg
1379,1.0,0622_c016_00065335_0.jpg
1380,0.834158,0623_c014_00078920_0.jpg
1381,0.824081,0623_c015_00078930_0.jpg
1382,0.84633,0623_c016_00078700_0.jpg
1383,0.57874,0623_c017_00079905_0.jpg
1384,0.709406,0623_c018_00080035_0.jpg
1385,0.868235,0623_c019_00079680_0.jpg
1386,0.935056,0624_c002_00060410_0.jpg
1387,0.959199,0624_c003_00059240_0.jpg
1388,0.516236,0624_c004_00059130_0.jpg
1389,0.882502,0624_c006_00059645_0.jpg
1390,0.871182,0624_c008_00059055_0.jpg
1391,0.985033,0624_c009_00059115_0.jpg
1392,0.802125,0624_c010_00059655_0.jpg
1393,0.946408,0624_c011_00059640_0.jpg
1394,0.411895,0625_c003_00010180_0.jpg
1395,0.310876,0625_c005_00010940_1.jpg
1396,0.642775,0625_c006_00009630_0.jpg
1397,0.265584,0625_c007_00011000_0.jpg
1398,0.341571,0625_c008_00010400_0.jpg
1399,0.375403,0625_c009_00010295_0.jpg
1400,0.412381,0625_c010_00009715_0.jpg
1401,0.338296,0625_c011_00009560_0.jpg
1402,0.938318,0630_c002_00039300_0.jpg
1403,0.959583,0630_c003_00036910_1.jpg
1404,0.95455,0630_c004_00036795_0.jpg
1405,0.977175,0630_c005_00051870_0.jpg
1406,0.953485,0630_c006_00037535_1.jpg
1407,0.610949,0630_c007_00052030_0.jpg
1408,0.906135,0630_c008_00036620_0.jpg
1409,0.892674,0630_c009_00036750_0.jpg
1410,0.954079,0630_c010_00037425_0.jpg
1411,0.95246,0630_c011_00037500_1.jpg
1412,0.563139,0631_c003_00041525_0.jpg
1413,0.821922,0631_c004_00041475_0.jpg
1414,0.572317,0631_c006_00040780_1.jpg
1415,0.790492,0631_c010_00040965_0.jpg
1416,0.651619,0631_c011_00040740_0.jpg
1417,0.803795,0634_c002_00054650_0.jpg
1418,0.8089,0634_c003_00056440_0.jpg
1419,0.043777,0634_c004_00056335_0.jpg
1420,0.73985,0634_c006_00055670_0.jpg
1421,0.819225,0634_c010_00055800_0.jpg
1422,0.739386,0634_c011_00055655_0.jpg
1423,0.671984,0642_c014_00020325_0.jpg
1424,0.644369,0642_c015_00020330_0.jpg
1425,0.604423,0642_c016_00020150_0.jpg
1426,0.789194,0642_c017_00021400_0.jpg
1427,0.758576,0642_c019_00021100_0.jpg
1428,0.529044,0646_c014_00006850_0.jpg
1429,0.872619,0646_c015_00006905_0.jpg
1430,0.643621,0646_c016_00006535_0.jpg
1431,0.758976,0646_c017_00007895_0.jpg
1432,0.250204,0646_c018_00008005_0.jpg
1433,0.915473,0646_c019_00007610_0.jpg
1434,0.999608,0652_c002_00061500_0.jpg
1435,1.0,0652_c003_00063195_0.jpg
1436,1.0,0652_c004_00063150_0.jpg
1437,0.99594,0652_c005_00063830_0.jpg
1438,1.0,0652_c006_00062465_0.jpg
1439,0.979653,0652_c007_00063920_0.jpg
1440,0.999238,0652_c008_00063355_0.jpg
1441,1.0,0652_c009_00063325_0.jpg
1442,1.0,0652_c010_00062620_0.jpg
1443,0.999623,0652_c011_00062465_0.jpg
1444,1.0,0653_c001_00072135_0.jpg
1445,0.978593,0653_c012_00070730_0.jpg
1446,0.977682,0653_c013_00070790_0.jpg
1447,0.999446,0653_c014_00069230_0.jpg
1448,1.0,0653_c015_00069285_0.jpg
1449,0.998879,0653_c016_00068920_1.jpg
1450,0.997363,0653_c017_00070200_0.jpg
1451,0.961813,0653_c019_00070010_0.jpg
1452,0.61873,0654_c002_00020085_0.jpg
1453,0.660021,0654_c003_00018715_0.jpg
1454,0.715752,0654_c004_00018590_0.jpg
1455,0.658922,0654_c005_00052640_0.jpg
1456,0.848245,0654_c006_00019265_0.jpg
1457,0.542613,0654_c007_00052785_0.jpg
1458,0.450213,0654_c008_00018495_0.jpg
1459,0.595438,0654_c009_00018505_0.jpg
1460,0.743835,0654_c010_00019215_0.jpg
1461,0.685603,0654_c011_00019235_0.jpg
1462,0.988142,0657_c002_00067625_0.jpg
1463,0.997438,0657_c003_00064995_0.jpg
1464,0.847841,0657_c004_00064865_0.jpg
1465,0.92024,0657_c006_00066245_0.jpg
1466,0.995695,0657_c010_00065910_0.jpg
1467,0.901115,0657_c011_00066330_1.jpg
1468,0.90909,0657_c014_00015230_0.jpg
1469,0.884642,0657_c015_00015115_0.jpg
1470,0.920669,0657_c016_00015625_0.jpg
1471,0.954051,0657_c019_00014365_0.jpg
1472,0.946776,0659_c001_00078335_0.jpg
1473,0.976868,0659_c002_00076675_0.jpg
1474,0.974843,0659_c003_00074445_0.jpg
1475,0.9294,0659_c004_00074330_0.jpg
1476,0.926185,0659_c006_00074870_0.jpg
1477,0.986816,0659_c008_00074215_0.jpg
1478,0.97542,0659_c009_00074280_0.jpg
1479,0.988348,0659_c010_00074885_0.jpg
1480,0.950111,0659_c011_00074875_0.jpg
1481,0.949798,0659_c012_00078820_0.jpg
1482,0.988447,0659_c013_00078695_0.jpg
1483,0.93207,0659_c018_00079355_0.jpg
1484,0.998611,0660_c014_00029030_0.jpg
1485,0.982373,0660_c015_00030865_0.jpg
1486,0.978927,0660_c016_00028730_0.jpg
1487,0.999517,0660_c017_00031795_0.jpg
1488,0.968907,0660_c019_00032555_0.jpg
1489,0.164384,0662_c003_00004915_0.jpg
1490,0.736251,0662_c005_00005645_2.jpg
1491,0.41533,0662_c007_00005745_0.jpg
1492,0.647159,0662_c008_00005120_0.jpg
1493,0.674815,0662_c009_00005020_0.jpg
1494,0.996339,0663_c001_00040350_0.jpg
1495,0.990093,0663_c002_00039350_0.jpg
1496,0.998095,0663_c003_00038025_0.jpg
1497,0.201597,0663_c004_00037950_0.jpg
1498,0.999781,0663_c006_00038485_0.jpg
1499,0.988481,0663_c010_00038475_0.jpg
1500,0.997618,0663_c011_00038410_0.jpg
1501,0.99183,0663_c012_00040815_0.jpg
1502,0.984134,0663_c013_00040720_0.jpg
1503,0.990461,0663_c014_00042140_1.jpg
1504,0.98296,0663_c015_00041980_0.jpg
1505,0.990107,0663_c017_00041255_0.jpg
1506,0.986408,0663_c019_00041460_0.jpg
1507,1.0,0668_c002_00006900_0.jpg
1508,1.0,0668_c003_00008695_0.jpg
1509,0.95803,0668_c004_00008645_0.jpg
1510,0.934794,0668_c006_00007925_0.jpg
1511,0.998768,0668_c010_00008080_0.jpg
1512,0.974697,0668_c011_00007825_0.jpg
1513,0.980778,0672_c001_00045425_2.jpg
1514,0.974942,0672_c002_00043905_0.jpg
1515,0.96981,0672_c003_00042740_0.jpg
1516,0.992805,0672_c004_00042665_0.jpg
1517,0.979473,0672_c006_00043350_1.jpg
1518,0.977253,0672_c010_00043330_0.jpg
1519,0.980095,0672_c011_00043295_0.jpg
1520,0.956625,0676_c003_00012510_0.jpg
1521,0.990849,0676_c004_00012470_0.jpg
1522,0.976971,0676_c005_00013140_0.jpg
1523,0.970526,0676_c006_00011890_0.jpg
1524,0.9151,0676_c007_00013230_0.jpg
1525,0.960026,0676_c008_00012805_0.jpg
1526,0.8513,0676_c009_00012690_0.jpg
1527,0.965879,0676_c010_00011975_0.jpg
1528,0.966599,0676_c011_00011790_0.jpg
1529,0.853784,0677_c003_00042300_0.jpg
1530,0.960132,0677_c004_00042195_0.jpg
1531,0.880869,0677_c005_00085985_0.jpg
1532,0.827514,0677_c006_00042885_0.jpg
1533,0.410827,0677_c007_00086065_0.jpg
1534,0.806093,0677_c008_00041990_0.jpg
1535,0.846381,0677_c009_00042150_0.jpg
1536,0.846663,0677_c010_00042845_0.jpg
1537,0.889282,0677_c011_00042855_0.jpg
1538,0.984836,0685_c003_00025485_1.jpg
1539,0.940465,0685_c004_00025405_1.jpg
1540,0.820087,0685_c008_00025250_0.jpg
1541,0.892529,0685_c009_00025265_1.jpg
1542,0.751044,0687_c002_00022105_0.jpg
1543,0.847802,0687_c003_00019995_0.jpg
1544,0.625139,0687_c004_00019895_0.jpg
1545,0.661927,0687_c006_00020390_0.jpg
1546,0.609903,0687_c008_00019805_0.jpg
1547,0.892467,0687_c009_00019840_0.jpg
1548,0.856734,0687_c010_00020370_0.jpg
1549,0.540983,0687_c011_00020355_0.jpg
1550,1.0,0696_c014_00086975_0.jpg
1551,1.0,0696_c015_00086985_0.jpg
1552,1.0,0696_c016_00086705_0.jpg
1553,0.971987,0698_c014_00049260_0.jpg
1554,0.897957,0698_c015_00049295_0.jpg
1555,0.796222,0698_c016_00052920_0.jpg
1556,0.841203,0698_c017_00050435_0.jpg
1557,0.862497,0698_c019_00050140_1.jpg
1558,0.973599,0699_c001_00039205_0.jpg
1559,0.98619,0699_c012_00039660_0.jpg
1560,0.887094,0699_c013_00039545_0.jpg
1561,0.94187,0699_c014_00041295_0.jpg
1562,0.920729,0699_c015_00041125_0.jpg
1563,0.918881,0699_c016_00042420_0.jpg
1564,0.897047,0699_c017_00040205_0.jpg
1565,0.865164,0699_c019_00040465_0.jpg
1566,0.886483,0711_c003_00001020_0.jpg
1567,0.930584,0711_c004_00000930_0.jpg
1568,0.951744,0711_c008_00000780_0.jpg
1569,0.967492,0711_c009_00000820_0.jpg
1570,0.987101,0712_c003_00036240_0.jpg
1571,1.0,0712_c004_00036170_0.jpg
1572,0.935695,0712_c006_00036800_1.jpg
1573,0.93839,0712_c010_00036785_0.jpg
1574,0.940042,0712_c011_00036785_0.jpg
1575,0.906553,0717_c002_00043220_0.jpg
1576,0.879383,0717_c003_00040960_0.jpg
1577,0.878248,0717_c004_00040860_0.jpg
1578,0.906637,0717_c006_00055575_0.jpg
1579,0.818949,0717_c008_00040760_0.jpg
1580,0.839389,0717_c009_00040840_0.jpg
1581,0.797732,0717_c010_00041370_0.jpg
1582,0.904574,0717_c011_00041335_1.jpg
1583,0.65497,0720_c001_00073675_0.jpg
1584,0.559684,0720_c002_00072140_2.jpg
1585,0.683729,0720_c003_00069825_0.jpg
1586,0.468452,0720_c004_00069710_0.jpg
1587,0.575981,0720_c006_00070295_0.jpg
1588,0.533458,0720_c008_00069600_0.jpg
1589,0.590735,0720_c009_00069690_0.jpg
1590,0.837358,0720_c010_00070290_0.jpg
1591,0.531643,0720_c011_00070300_0.jpg
1592,0.588843,0720_c012_00074160_1.jpg
1593,0.565383,0720_c013_00074015_0.jpg
1594,0.506979,0720_c014_00075545_0.jpg
1595,0.69479,0720_c015_00075370_0.jpg
1596,0.678595,0720_c016_00076365_0.jpg
1597,0.505345,0720_c017_00074735_0.jpg
1598,0.600656,0720_c019_00074915_0.jpg
1599,0.908096,0721_c001_00066700_0.jpg
